x1,y1,x2,y2,d,x
-15.115773999999998,30.524406,-17.288906,29.984182,0,1
-15.115773999999998,30.524406,-17.339325,30.330252,0,1
-15.115773999999998,30.524406,-17.03354,30.61331,0,1
-15.115773999999998,30.524406,-16.979588,26.46965,0,1
-15.115773999999998,30.524406,5.9278073,13.074452,0,1
-15.115773999999998,30.524406,-16.381994,31.339182,0,1
-15.115773999999998,30.524406,-17.40118,32.49966,0,1
-15.115773999999998,30.524406,10.160386,13.121954999999998,0,1
-15.115773999999998,30.524406,-0.10424839,-16.885439,0,1
-20.347363,30.53675,-15.115773999999998,30.524406,0,1
-19.420707999999998,32.555797999999996,-15.115773999999998,30.524406,0,1
-17.188131,30.038586,-15.115773999999998,30.524406,0,1
-17.188131,30.038586,-20.363884,28.066534000000004,1,0
-20.363884,28.066534000000004,-17.339325,30.330252,1,0
-20.363884,28.066534000000004,-17.232164,32.30267,1,0
-20.363884,28.066534000000004,-20.347363,30.53675,1,0
-20.363884,28.066534000000004,-14.112805999999999,30.112589,1,0
-20.363884,28.066534000000004,5.9278073,13.074452,1,0
-20.363884,28.066534000000004,-16.848248,32.652687,1,0
-20.363884,28.066534000000004,-1.043385,-25.407244,1,0
-20.363884,28.066534000000004,-16.083603,-6.544311,1,0
-20.363884,28.066534000000004,-17.589771,-4.0328093,1,0
-20.363884,28.066534000000004,-16.979588,26.46965,1,0
-20.363884,28.066534000000004,-15.634275,34.735027,1,0
-20.363884,28.066534000000004,-4.572659,-26.043266,1,0
-20.363884,28.066534000000004,-15.815520000000001,34.548893,1,0
-20.363884,28.066534000000004,-18.003801,26.664372999999998,1,0
-20.363884,28.066534000000004,-19.420707999999998,32.555797999999996,1,0
-20.363884,28.066534000000004,-17.03354,30.61331,1,0
-20.363884,28.066534000000004,-17.779646,30.155372999999997,1,0
-20.363884,28.066534000000004,-16.08889,32.808937,1,0
-20.363884,28.066534000000004,-20.258938,-6.8853106,1,0
-20.363884,28.066534000000004,48.370434,-14.308028,1,0
-20.363884,28.066534000000004,49.00463,-11.359808000000001,1,0
-16.202202,-6.194079,-20.363884,28.066534000000004,1,0
-16.957294,26.950142,-20.363884,28.066534000000004,1,0
-16.831670000000003,34.751007,-20.363884,28.066534000000004,1,0
-15.606404000000001,33.264664,-20.363884,28.066534000000004,1,0
-13.662707000000001,30.42673,-20.363884,28.066534000000004,1,0
-20.979435000000002,29.096144,-20.363884,28.066534000000004,1,0
-20.979435000000002,29.096144,-15.115773999999998,30.524406,0,1
9.922552,12.831356,8.304898,13.637822,1,0
2.607593,-10.368252,-20.363884,28.066534000000004,1,0
-1.043385,-25.407244,-15.115773999999998,30.524406,0,1
-1.043385,-25.407244,0.5945918,-14.732381,1,0
-15.766546,25.86968,-20.363884,28.066534000000004,1,0
-17.232164,32.30267,-12.586661999999999,-10.069361,1,0
-16.818962,26.645565,-20.363884,28.066534000000004,1,0
-16.29014,27.052477000000003,-15.115773999999998,30.524406,0,1
-16.430329999999998,35.199852,-20.363884,28.066534000000004,1,0
-16.848248,32.652687,10.516569,13.029235,1,0
-17.779646,30.155372999999997,9.024714,-0.32585454,1,0
-15.793681,31.92033,-15.115773999999998,30.524406,0,1
-4.572659,-26.043266,-15.115773999999998,30.524406,0,1
5.853318700000001,-5.8775835,14.078128,9.626914,1,0
-19.68029,-7.769920299999999,-20.363884,28.066534000000004,1,0
-3.1337976000000003,-28.062334000000003,8.304898,13.637822,1,0
5.184227,-7.354194000000001,-1.7541734,-28.574896000000003,1,0
-14.691799,30.264015,13.952747,13.110826000000001,0,1
-14.691799,30.264015,48.801384000000006,-10.8707485,1,0
-14.691799,30.264015,-1.7541734,-28.574896000000003,1,0
-14.691799,30.264015,-0.15459344,-15.544934,1,0
-15.631076,32.78164,6.5393047,-5.313636,1,0
-15.631076,32.78164,13.952747,13.110826000000001,0,1
-15.631076,32.78164,8.304898,13.637822,1,0
-15.631076,32.78164,48.801384000000006,-10.8707485,1,0
-17.000443,27.018583000000003,6.5393047,-5.313636,1,0
-17.000443,27.018583000000003,-1.7541734,-28.574896000000003,1,0
-15.409861,34.21079,8.304898,13.637822,1,0
-15.409861,34.21079,-1.7541734,-28.574896000000003,1,0
-14.083295000000001,29.075108,13.952747,13.110826000000001,0,1
-18.246082,30.076927,6.5393047,-5.313636,1,0
-18.246082,30.076927,13.952747,13.110826000000001,0,1
-13.523532999999999,29.275745,-1.7541734,-28.574896000000003,1,0
-13.523532999999999,29.275745,48.801384000000006,-10.8707485,1,0
-13.523532999999999,29.275745,7.9798408,-2.6152272,0,1
-18.811197,28.405086999999998,48.801384000000006,-10.8707485,1,0
-15.112835,28.161789000000002,48.801384000000006,-10.8707485,1,0
-15.112835,28.161789000000002,8.304898,13.637822,1,0
-17.522163,26.504227,8.304898,13.637822,1,0
-17.522163,26.504227,-1.7541734,-28.574896000000003,1,0
-18.161151999999998,-3.4667826,-1.7541734,-28.574896000000003,1,0
-20.054415,-6.92108,48.801384000000006,-10.8707485,1,0
-20.054415,-6.92108,13.952747,13.110826000000001,0,1
-16.054482999999998,34.99133,8.304898,13.637822,1,0
15.973884,7.121137599999999,6.5393047,-5.313636,1,0
15.973884,7.121137599999999,48.801384000000006,-10.8707485,1,0
-14.290059,34.004208,13.952747,13.110826000000001,0,1
-14.290059,34.004208,48.801384000000006,-10.8707485,1,0
-14.290059,34.004208,-1.7541734,-28.574896000000003,1,0
-18.942175,29.822022999999998,6.5393047,-5.313636,1,0
8.304898,13.637822,-1.7541734,-28.574896000000003,1,0
8.304898,13.637822,15.973884,7.121137599999999,1,0
8.304898,13.637822,5.184227,-7.354194000000001,1,0
8.304898,13.637822,6.276679,-4.615247,1,0
8.304898,13.637822,-18.161151999999998,-3.4667826,1,0
8.304898,13.637822,7.611115,13.277674,1,0
8.304898,13.637822,-18.811197,28.405086999999998,1,0
8.304898,13.637822,-14.083295000000001,29.075108,1,0
8.304898,13.637822,45.932365000000004,-12.533453999999999,1,0
8.304898,13.637822,-13.523532999999999,29.275745,1,0
8.304898,13.637822,-17.17407,35.061596,1,0
8.304898,13.637822,9.317849,11.789152,1,0
8.304898,13.637822,-14.691799,30.264015,1,0
8.304898,13.637822,-2.5669223999999997,-28.140396000000003,1,0
8.304898,13.637822,-17.85385,30.267159999999997,1,0
8.304898,13.637822,13.549382999999999,12.904035,1,0
8.304898,13.637822,49.128933,-11.300633,1,0
8.304898,13.637822,-20.70973,-6.0151124000000005,1,0
8.304898,13.637822,-19.051598000000002,34.276737,1,0
13.952747,13.110826000000001,-2.5669223999999997,-28.140396000000003,0,1
13.952747,13.110826000000001,13.549382999999999,12.904035,0,1
13.952747,13.110826000000001,4.754596,-7.9422755,0,1
13.952747,13.110826000000001,7.611115,13.277674,0,1
13.952747,13.110826000000001,45.932365000000004,-12.533453999999999,0,1
13.952747,13.110826000000001,14.200664999999999,10.644749000000001,0,1
13.952747,13.110826000000001,6.109861,13.137395999999999,0,1
13.952747,13.110826000000001,-11.248039,-10.034949000000001,0,1
13.952747,13.110826000000001,-2.0929415000000002,-25.009771,1,1
49.006443,-14.437064000000001,8.304898,13.637822,1,0
-13.472835,-11.917817,13.952747,13.110826000000001,0,1
-13.472835,-11.917817,8.304898,13.637822,1,0
-13.472835,-11.917817,-9.892531,-10.650508,0,1
-13.472835,-11.917817,0.5945918,-14.732381,1,0
-19.788214,33.761707,13.952747,13.110826000000001,0,1
-19.788214,33.761707,6.5393047,-5.313636,1,0
-19.788214,33.761707,48.801384000000006,-10.8707485,1,0
4.754596,-7.9422755,8.304898,13.637822,1,0
4.754596,-7.9422755,48.801384000000006,-10.8707485,1,0
0.15234427,-14.728969000000001,8.304898,13.637822,1,0
0.15234427,-14.728969000000001,48.801384000000006,-10.8707485,1,0
0.15234427,-14.728969000000001,6.5393047,-5.313636,1,0
0.15234427,-14.728969000000001,-1.7541734,-28.574896000000003,1,0
-16.656437,-7.150904700000001,8.304898,13.637822,1,0
-1.7541734,-28.574896000000003,-17.17407,35.061596,1,0
-1.7541734,-28.574896000000003,-0.24914528,-17.506535999999997,1,0
-1.7541734,-28.574896000000003,-13.472835,-11.917817,1,0
-1.7541734,-28.574896000000003,10.108187,8.262692999999999,1,0
-1.7541734,-28.574896000000003,-18.942175,29.822022999999998,1,0
-1.7541734,-28.574896000000003,9.317849,11.789152,1,0
-1.7541734,-28.574896000000003,6.276679,-4.615247,1,0
-1.7541734,-28.574896000000003,-20.22379,-6.9754047,1,0
-1.7541734,-28.574896000000003,-15.112835,28.161789000000002,1,0
-1.7541734,-28.574896000000003,6.5393047,-5.313636,1,0
-1.7541734,-28.574896000000003,-18.246082,30.076927,1,0
-1.7541734,-28.574896000000003,49.006443,-14.437064000000001,1,0
-1.7541734,-28.574896000000003,-16.656437,-7.150904700000001,1,0
-1.7541734,-28.574896000000003,-16.054482999999998,34.99133,1,0
-1.7541734,-28.574896000000003,-17.145657999999997,-6.023369000000001,1,0
-1.7541734,-28.574896000000003,-15.079142000000001,-8.846148,1,0
-1.7541734,-28.574896000000003,-13.927292000000001,-10.610686999999999,1,0
-1.7541734,-28.574896000000003,48.670765,-15.322111999999999,1,0
6.5393047,-5.313636,5.7934813,12.992723,1,0
6.5393047,-5.313636,49.006443,-14.437064000000001,1,0
6.5393047,-5.313636,-16.054482999999998,34.99133,1,0
6.5393047,-5.313636,-13.523532999999999,29.275745,1,0
6.5393047,-5.313636,-0.24914528,-17.506535999999997,1,0
6.5393047,-5.313636,-18.811197,28.405086999999998,1,0
6.5393047,-5.313636,-15.112835,28.161789000000002,1,0
6.5393047,-5.313636,-20.054415,-6.92108,1,0
6.5393047,-5.313636,-18.161151999999998,-3.4667826,1,0
6.5393047,-5.313636,3.9878082000000004,-8.188993,1,0
6.5393047,-5.313636,4.754596,-7.9422755,1,0
6.5393047,-5.313636,7.611115,13.277674,1,0
6.5393047,-5.313636,-14.6517315,29.048677,1,0
6.5393047,-5.313636,8.807955,12.835608500000001,1,0
6.5393047,-5.313636,49.128933,-11.300633,1,0
6.5393047,-5.313636,-18.030743,-5.25378,1,0
6.5393047,-5.313636,-14.290059,34.004208,1,0
6.5393047,-5.313636,50.074729999999995,-13.326464999999999,1,0
6.5393047,-5.313636,-4.1837144,-27.164892,1,0
45.932365000000004,-12.533453999999999,6.5393047,-5.313636,1,0
45.932365000000004,-12.533453999999999,-1.7541734,-28.574896000000003,1,0
45.932365000000004,-12.533453999999999,47.193740000000005,-10.205810000000001,0,1
5.7934813,12.992723,-1.7541734,-28.574896000000003,1,0
-17.17407,35.061596,6.5393047,-5.313636,1,0
10.108187,8.262692999999999,8.304898,13.637822,1,0
10.108187,8.262692999999999,6.5393047,-5.313636,1,0
9.317849,11.789152,48.801384000000006,-10.8707485,1,0
9.317849,11.789152,6.5393047,-5.313636,1,0
9.317849,11.789152,-1.0910440000000001,-20.645447,0,1
-20.22379,-6.9754047,48.801384000000006,-10.8707485,1,0
6.276679,-4.615247,6.5393047,-5.313636,1,0
48.801384000000006,-10.8707485,7.611115,13.277674,1,0
48.801384000000006,-10.8707485,-17.17407,35.061596,1,0
48.801384000000006,-10.8707485,-18.030743,-5.25378,1,0
48.801384000000006,-10.8707485,-17.522163,26.504227,1,0
48.801384000000006,-10.8707485,-14.083295000000001,29.075108,1,0
48.801384000000006,-10.8707485,-16.656437,-7.150904700000001,1,0
48.801384000000006,-10.8707485,-17.000443,27.018583000000003,1,0
48.801384000000006,-10.8707485,-1.7541734,-28.574896000000003,1,0
48.801384000000006,-10.8707485,-15.409861,34.21079,1,0
48.801384000000006,-10.8707485,45.932365000000004,-12.533453999999999,1,0
48.801384000000006,-10.8707485,-3.1337976000000003,-28.062334000000003,1,0
48.801384000000006,-10.8707485,-14.310163000000001,-10.398003,1,0
48.801384000000006,-10.8707485,-17.85385,30.267159999999997,1,0
48.801384000000006,-10.8707485,14.200664999999999,10.644749000000001,1,0
48.801384000000006,-10.8707485,6.276679,-4.615247,1,0
48.801384000000006,-10.8707485,-13.472835,-11.917817,1,0
48.801384000000006,-10.8707485,-20.657124,31.211687,1,0
48.801384000000006,-10.8707485,-0.36923382,-16.71673,1,0
48.801384000000006,-10.8707485,9.024714,-0.32585454,1,0
-18.030743,-5.25378,8.304898,13.637822,1,0
-2.5594978,-27.131311,-1.7541734,-28.574896000000003,1,0
-2.5594978,-27.131311,48.801384000000006,-10.8707485,1,0
-2.5594978,-27.131311,13.952747,13.110826000000001,0,1
6.109861,13.137395999999999,48.801384000000006,-10.8707485,1,0
6.109861,13.137395999999999,-1.7541734,-28.574896000000003,1,0
6.109861,13.137395999999999,14.078128,9.626914,1,0
-2.5669223999999997,-28.140396000000003,-1.7541734,-28.574896000000003,1,0
-14.310163000000001,-10.398003,8.304898,13.637822,1,0
-14.310163000000001,-10.398003,6.5393047,-5.313636,1,0
-14.310163000000001,-10.398003,-1.7541734,-28.574896000000003,1,0
2.5059505,-10.466168,47.193740000000005,-10.205810000000001,0,1
-17.887497,-8.069147000000001,-21.14599,30.552444,1,0
-19.515003,30.715908000000002,47.193740000000005,-10.205810000000001,0,1
-12.719408,29.530527000000003,0.5945918,-14.732381,1,0
-15.625093,-5.349316,47.193740000000005,-10.205810000000001,0,1
0.58757925,-14.960322,47.193740000000005,-10.205810000000001,0,1
6.9180117,-4.946797,-12.586661999999999,-10.069361,1,0
47.193740000000005,-10.205810000000001,7.980874000000001,-3.2398,0,1
47.193740000000005,-10.205810000000001,-10.299877,-10.328696,0,1
47.193740000000005,-10.205810000000001,-17.887497,-8.069147000000001,0,1
47.193740000000005,-10.205810000000001,6.9180117,-4.946797,0,1
47.193740000000005,-10.205810000000001,16.98786,9.159185,0,1
47.193740000000005,-10.205810000000001,12.704215,14.14877,0,1
47.193740000000005,-10.205810000000001,7.5541754,-2.7109,0,1
47.193740000000005,-10.205810000000001,-17.223705,34.802654,0,1
47.193740000000005,-10.205810000000001,17.624985000000002,8.863517,0,1
47.193740000000005,-10.205810000000001,-2.5214272,-26.619096999999996,0,1
47.193740000000005,-10.205810000000001,-16.523107999999997,31.591165999999998,1,1
8.937838000000001,13.248204999999999,47.193740000000005,-10.205810000000001,0,1
9.36687,11.242562,47.193740000000005,-10.205810000000001,0,1
15.102212,7.765751,10.690096,13.212447000000001,1,0
8.642491,13.979934,14.472275,7.970163,1,0
12.197808,13.673065,47.193740000000005,-10.205810000000001,0,1
10.166383,11.429075,14.078128,9.626914,1,0
10.166383,11.429075,10.516569,13.029235,1,0
11.216214,12.994257000000001,-18.31296,-6.8020705999999995,0,1
11.216214,12.994257000000001,-0.15663862,-17.212456,0,1
11.216214,12.994257000000001,10.126536,13.43948,0,1
11.216214,12.994257000000001,-18.363623,-6.484898599999999,0,1
11.216214,12.994257000000001,14.078128,9.626914,1,1
11.216214,12.994257000000001,-13.948668,-11.701947,1,1
13.596960999999999,11.693792,10.516569,13.029235,1,0
13.596960999999999,11.693792,14.078128,9.626914,1,0
14.7183,9.158891,9.400184,13.313213000000001,1,0
14.7183,9.158891,10.516569,13.029235,1,0
14.7183,9.158891,-21.14599,30.552444,1,0
13.686048000000001,9.018241999999999,11.216214,12.994257000000001,0,1
48.835308000000005,-13.63009,14.078128,9.626914,1,0
48.835308000000005,-13.63009,10.690096,13.212447000000001,1,0
8.926978,10.713872,9.400184,13.313213000000001,1,0
8.35402,-1.0443624,11.216214,12.994257000000001,0,1
8.35402,-1.0443624,9.400184,13.313213000000001,1,0
8.35402,-1.0443624,10.690096,13.212447000000001,1,0
17.251493,10.352712,9.400184,13.313213000000001,1,0
17.251493,10.352712,10.690096,13.212447000000001,1,0
9.509277,9.608696,11.216214,12.994257000000001,0,1
13.313328,9.210794,10.690096,13.212447000000001,1,0
13.313328,9.210794,14.078128,9.626914,1,0
-3.7814424,-28.230392,10.516569,13.029235,1,0
-3.7814424,-28.230392,9.400184,13.313213000000001,1,0
-3.7814424,-28.230392,11.216214,12.994257000000001,0,1
10.073794,14.074876000000001,10.516569,13.029235,1,0
14.625889,11.559368,9.400184,13.313213000000001,1,0
14.625889,11.559368,11.216214,12.994257000000001,0,1
9.855949,12.494477,10.516569,13.029235,1,0
9.855949,12.494477,10.690096,13.212447000000001,1,0
9.855949,12.494477,11.216214,12.994257000000001,0,1
15.711954,10.516474,14.078128,9.626914,1,0
15.711954,10.516474,9.400184,13.313213000000001,1,0
-1.3186334,-28.282766,9.400184,13.313213000000001,1,0
16.233694,8.168515,10.690096,13.212447000000001,1,0
16.233694,8.168515,11.216214,12.994257000000001,0,1
9.400184,13.313213000000001,8.430245,11.941575,1,0
9.400184,13.313213000000001,50.074729999999995,-13.326464999999999,1,0
9.400184,13.313213000000001,11.428007000000001,13.831195000000001,1,0
9.400184,13.313213000000001,10.073794,14.074876000000001,1,0
9.400184,13.313213000000001,10.166383,11.429075,1,0
9.400184,13.313213000000001,-12.39822,-8.828214,1,0
9.400184,13.313213000000001,13.596960999999999,11.693792,1,0
9.400184,13.313213000000001,6.458032,12.434648,1,0
9.400184,13.313213000000001,13.686048000000001,9.018241999999999,1,0
9.400184,13.313213000000001,45.5808,-12.208001,1,0
9.400184,13.313213000000001,-18.31296,-6.8020705999999995,1,0
9.400184,13.313213000000001,14.078128,9.626914,1,0
9.400184,13.313213000000001,11.163746000000002,13.412026999999998,1,0
9.400184,13.313213000000001,18.105798999999998,9.275333,1,0
9.400184,13.313213000000001,-18.363623,-6.484898599999999,1,0
9.400184,13.313213000000001,46.188175,-12.129732,1,0
9.400184,13.313213000000001,13.393911,11.696099,1,0
9.400184,13.313213000000001,48.835308000000005,-13.63009,1,0
9.400184,13.313213000000001,13.313328,9.210794,1,0
9.400184,13.313213000000001,11.436066,14.071776999999999,1,0
9.400184,13.313213000000001,-13.774834,30.140734000000002,1,0
9.400184,13.313213000000001,4.5445437,-7.194806599999999,1,0
-0.15663862,-17.212456,9.400184,13.313213000000001,1,0
-0.15663862,-17.212456,0.5945918,-14.732381,1,0
11.436066,14.071776999999999,10.690096,13.212447000000001,1,0
13.043035,10.879038000000001,9.400184,13.313213000000001,1,0
13.393911,11.696099,14.078128,9.626914,1,0
16.441128,12.377925,10.690096,13.212447000000001,1,0
16.441128,12.377925,14.078128,9.626914,1,0
16.441128,12.377925,10.516569,13.029235,1,0
-17.145657999999997,-6.023369000000001,9.400184,13.313213000000001,1,0
-17.145657999999997,-6.023369000000001,10.690096,13.212447000000001,1,0
-17.145657999999997,-6.023369000000001,14.078128,9.626914,1,0
-17.145657999999997,-6.023369000000001,11.216214,12.994257000000001,0,1
50.074729999999995,-13.326464999999999,14.078128,9.626914,1,0
50.074729999999995,-13.326464999999999,10.516569,13.029235,1,0
-12.21462,-6.653471000000001,11.216214,12.994257000000001,0,1
-12.21462,-6.653471000000001,14.078128,9.626914,1,0
-12.21462,-6.653471000000001,-16.523107999999997,31.591165999999998,1,0
46.188175,-12.129732,10.690096,13.212447000000001,1,0
46.188175,-12.129732,10.516569,13.029235,1,0
4.144652,-7.7856309999999995,14.078128,9.626914,1,0
4.144652,-7.7856309999999995,10.516569,13.029235,1,0
4.144652,-7.7856309999999995,15.332358,8.42543,1,0
-21.396202,34.37925,10.690096,13.212447000000001,1,0
14.377002,10.955384,10.516569,13.029235,1,0
10.516569,13.029235,6.458032,12.434648,1,0
10.516569,13.029235,17.251493,10.352712,1,0
10.516569,13.029235,-17.145657999999997,-6.023369000000001,1,0
10.516569,13.029235,13.313328,9.210794,1,0
10.516569,13.029235,-0.15663862,-17.212456,1,0
10.516569,13.029235,7.305784700000001,-3.2600114,1,0
10.516569,13.029235,-1.3186334,-28.282766,1,0
10.516569,13.029235,9.509277,9.608696,1,0
10.516569,13.029235,48.835308000000005,-13.63009,1,0
10.516569,13.029235,18.105798999999998,9.275333,1,0
10.516569,13.029235,11.436066,14.071776999999999,1,0
10.516569,13.029235,11.216214,12.994257000000001,1,1
10.516569,13.029235,47.605003,-10.96083,1,0
10.516569,13.029235,-21.396202,34.37925,1,0
10.516569,13.029235,9.167305,9.915293,1,0
10.516569,13.029235,14.078128,9.626914,1,0
10.516569,13.029235,13.043035,10.879038000000001,1,0
10.516569,13.029235,9.400184,13.313213000000001,1,0
10.516569,13.029235,14.625889,11.559368,1,0
10.516569,13.029235,-4.072404,-26.598521999999996,1,0
11.163746000000002,13.412026999999998,10.690096,13.212447000000001,1,0
10.690096,13.212447000000001,13.393911,11.696099,1,0
10.690096,13.212447000000001,4.144652,-7.7856309999999995,1,0
10.690096,13.212447000000001,14.7183,9.158891,1,0
10.690096,13.212447000000001,-12.21462,-6.653471000000001,1,0
10.690096,13.212447000000001,10.166383,11.429075,1,0
10.690096,13.212447000000001,-3.7814424,-28.230392,1,0
10.690096,13.212447000000001,-0.15663862,-17.212456,1,0
10.690096,13.212447000000001,13.596960999999999,11.693792,1,0
10.690096,13.212447000000001,18.105798999999998,9.275333,1,0
10.690096,13.212447000000001,11.428007000000001,13.831195000000001,1,0
10.690096,13.212447000000001,10.662651,9.021861999999999,1,0
10.690096,13.212447000000001,11.216214,12.994257000000001,1,1
10.690096,13.212447000000001,9.400184,13.313213000000001,1,0
10.690096,13.212447000000001,9.509277,9.608696,1,0
10.690096,13.212447000000001,-12.39822,-8.828214,1,0
10.690096,13.212447000000001,15.711954,10.516474,1,0
10.690096,13.212447000000001,8.926978,10.713872,1,0
10.690096,13.212447000000001,-2.6699805,-29.358292,1,0
10.690096,13.212447000000001,-17.028051,31.021519,1,0
14.078128,9.626914,10.662651,9.021861999999999,1,0
14.078128,9.626914,45.5808,-12.208001,1,0
14.078128,9.626914,14.7183,9.158891,1,0
14.078128,9.626914,-18.31296,-6.8020705999999995,1,0
14.078128,9.626914,10.690096,13.212447000000001,1,0
14.078128,9.626914,14.992316,8.998911999999999,1,0
14.078128,9.626914,-0.15663862,-17.212456,1,0
14.078128,9.626914,6.458032,12.434648,1,0
14.078128,9.626914,9.167305,9.915293,1,0
14.078128,9.626914,-21.396202,34.37925,1,0
14.078128,9.626914,10.073794,14.074876000000001,1,0
14.078128,9.626914,17.251493,10.352712,1,0
14.078128,9.626914,9.855949,12.494477,1,0
14.078128,9.626914,46.188175,-12.129732,1,0
14.078128,9.626914,11.163746000000002,13.412026999999998,1,0
14.078128,9.626914,11.436066,14.071776999999999,1,0
14.078128,9.626914,11.428007000000001,13.831195000000001,1,0
14.078128,9.626914,-14.595656,31.245333000000002,1,0
-18.363623,-6.484898599999999,14.078128,9.626914,1,0
-18.363623,-6.484898599999999,10.690096,13.212447000000001,1,0
-18.363623,-6.484898599999999,10.516569,13.029235,1,0
7.264061999999999,-2.9693232000000003,15.332358,8.42543,1,0
-4.7924223,-26.592685999999997,-13.948668,-11.701947,1,0
-14.876125,-5.394781,15.332358,8.42543,1,0
-11.915275,-6.8932037,15.332358,8.42543,1,0
-17.925892,-3.890414,-12.586661999999999,-10.069361,1,0
-0.013435378999999999,-15.084973000000002,16.728932999999998,7.550021000000001,0,1
7.99003,-3.1491627999999996,15.332358,8.42543,1,0
15.273164000000001,9.162483,-12.586661999999999,-10.069361,1,0
-0.61945164,-17.740560000000002,-12.586661999999999,-10.069361,1,0
-15.424082,-9.669634,15.332358,8.42543,1,0
-1.5547434,-25.144138,-12.586661999999999,-10.069361,1,0
-18.108154000000003,-9.425639,-12.586661999999999,-10.069361,1,0
-1.6409895,-27.765040000000003,-12.586661999999999,-10.069361,1,0
8.9741,12.369387,16.728932999999998,7.550021000000001,0,1
-13.153011,29.439844,-12.586661999999999,-10.069361,1,0
-13.153011,29.439844,16.728932999999998,7.550021000000001,0,1
-18.209967000000002,-5.435092,-12.586661999999999,-10.069361,1,0
-18.209967000000002,-5.435092,16.728932999999998,7.550021000000001,0,1
-18.209967000000002,-5.435092,15.332358,8.42543,1,0
12.743816,5.861604,15.332358,8.42543,1,0
-19.051598000000002,34.276737,15.332358,8.42543,1,0
-11.248039,-10.034949000000001,15.332358,8.42543,1,0
47.634083000000004,-12.782694000000001,-12.586661999999999,-10.069361,1,0
-0.6440324000000001,-18.360607,-12.586661999999999,-10.069361,1,0
-0.6440324000000001,-18.360607,0.5945918,-14.732381,1,0
47.681107,-9.36894,15.332358,8.42543,1,0
-15.982651999999998,-6.434858,15.332358,8.42543,1,0
-12.586661999999999,-10.069361,12.743816,5.861604,1,0
-12.586661999999999,-10.069361,-2.5214272,-26.619096999999996,1,0
-12.586661999999999,-10.069361,-19.557389999999998,-7.121436599999999,1,0
-12.586661999999999,-10.069361,8.832393,-0.9416519,1,0
-12.586661999999999,-10.069361,-19.051598000000002,34.276737,1,0
-12.586661999999999,-10.069361,16.728932999999998,7.550021000000001,1,1
-12.586661999999999,-10.069361,-15.599794000000001,-6.848086400000001,1,0
-12.586661999999999,-10.069361,-11.248039,-10.034949000000001,1,0
-12.586661999999999,-10.069361,-14.913225,-5.8751690000000005,1,0
-12.586661999999999,-10.069361,-15.557257,-3.8977616000000004,1,0
-12.586661999999999,-10.069361,-14.876125,-5.394781,1,0
-12.586661999999999,-10.069361,15.611196,12.616892,1,0
-12.586661999999999,-10.069361,-17.039303,-4.294102,1,0
-12.586661999999999,-10.069361,15.332358,8.42543,1,0
-12.586661999999999,-10.069361,47.681107,-9.36894,1,0
-12.586661999999999,-10.069361,0.15124473,-14.729789000000002,1,0
-12.586661999999999,-10.069361,7.264061999999999,-2.9693232000000003,1,0
-12.586661999999999,-10.069361,-16.639495999999998,-9.256912,1,0
-12.586661999999999,-10.069361,-1.5800346,-23.08248,1,0
-2.5214272,-26.619096999999996,15.332358,8.42543,1,0
-2.5214272,-26.619096999999996,-16.523107999999997,31.591165999999998,1,0
-14.913225,-5.8751690000000005,16.728932999999998,7.550021000000001,0,1
-20.443258,34.079964000000004,-12.586661999999999,-10.069361,1,0
-20.443258,34.079964000000004,15.332358,8.42543,1,0
-20.443258,34.079964000000004,16.728932999999998,7.550021000000001,0,1
15.332358,8.42543,0.15124473,-14.729789000000002,1,0
15.332358,8.42543,-14.913225,-5.8751690000000005,1,0
15.332358,8.42543,-0.61945164,-17.740560000000002,1,0
15.332358,8.42543,-18.108154000000003,-9.425639,1,0
15.332358,8.42543,-13.153011,29.439844,1,0
15.332358,8.42543,-1.6421088,-25.853583999999998,1,0
15.332358,8.42543,-18.213017,-4.4347353,1,0
15.332358,8.42543,-20.657124,31.211687,1,0
15.332358,8.42543,-3.309335,-25.772833,1,0
15.332358,8.42543,-19.557389999999998,-7.121436599999999,1,0
15.332358,8.42543,-15.599794000000001,-6.848086400000001,1,0
15.332358,8.42543,47.24713,-12.225899,1,0
15.332358,8.42543,15.611196,12.616892,1,0
15.332358,8.42543,-18.717062,-8.0770035,1,0
15.332358,8.42543,17.922815,9.309513,1,0
-13.373745999999999,-12.026846,15.332358,8.42543,1,0
16.728932999999998,7.550021000000001,-15.424082,-9.669634,0,1
16.728932999999998,7.550021000000001,8.832393,-0.9416519,0,1
16.728932999999998,7.550021000000001,15.332358,8.42543,1,1
16.728932999999998,7.550021000000001,-17.925892,-3.890414,0,1
16.728932999999998,7.550021000000001,-2.5214272,-26.619096999999996,0,1
16.728932999999998,7.550021000000001,-11.248039,-10.034949000000001,0,1
16.728932999999998,7.550021000000001,12.743816,5.861604,0,1
-20.657124,31.211687,-12.586661999999999,-10.069361,1,0
-11.910153,-7.8764668,16.728932999999998,7.550021000000001,0,1
-11.910153,-7.8764668,15.332358,8.42543,1,0
-11.910153,-7.8764668,-12.586661999999999,-10.069361,1,0
-18.213017,-4.4347353,-12.586661999999999,-10.069361,1,0
-15.468399,-4.8121730000000005,-13.948668,-11.701947,1,0
-13.622085,-9.858535,-13.948668,-11.701947,1,0
-13.948668,-11.701947,-15.662759,-8.898837,1,0
-13.948668,-11.701947,-20.258938,-6.8853106,1,0
-13.948668,-11.701947,3.7911212,-8.6429615,1,0
-13.948668,-11.701947,-3.3367655,-28.588403999999997,1,0
-13.948668,-11.701947,-13.993204,-5.3434854000000005,1,0
-13.948668,-11.701947,-16.293210000000002,36.092968,1,0
-13.948668,-11.701947,-18.468529,-9.120937,1,0
-13.948668,-11.701947,-14.918828,-9.273017,1,0
-13.948668,-11.701947,-4.072404,-26.598521999999996,1,0
-13.948668,-11.701947,-16.864182999999997,-5.4864707,1,0
-13.948668,-11.701947,7.0268435,-4.7457824,1,0
-13.948668,-11.701947,-15.877610999999998,-5.259787,1,0
-13.948668,-11.701947,-18.706156,-4.125839,1,0
-13.948668,-11.701947,-21.482208,31.079088,1,0
-13.948668,-11.701947,-0.15459344,-15.544934,1,0
-17.748511999999998,-6.148464700000001,-9.892531,-10.650508,0,1
-18.483122,-9.107805,-9.892531,-10.650508,0,1
-15.662759,-8.898837,0.07744459,-15.880648999999998,1,0
-20.258938,-6.8853106,-9.892531,-10.650508,0,1
-15.78406,-4.64466,0.07744459,-15.880648999999998,1,0
-14.918828,-9.273017,-9.892531,-10.650508,0,1
-17.95746,-3.0477912,0.07744459,-15.880648999999998,1,0
-16.326973000000002,-3.783152,0.07744459,-15.880648999999998,1,0
47.722893,-12.430963499999999,-13.948668,-11.701947,1,0
-18.706156,-4.125839,0.07744459,-15.880648999999998,1,0
-15.364092999999999,-6.5071244,0.07744459,-15.880648999999998,1,0
-19.93226,-5.658801,-13.948668,-11.701947,1,0
-13.993204,-5.3434854000000005,-9.892531,-10.650508,0,1
-13.993204,-5.3434854000000005,6.1967134,-4.8802012999999995,0,1
48.434994,-15.436007,0.07744459,-15.880648999999998,1,0
48.434994,-15.436007,-13.948668,-11.701947,1,0
-13.889354,-5.980166400000001,0.07744459,-15.880648999999998,1,0
-13.889354,-5.980166400000001,-13.948668,-11.701947,1,0
-21.482208,31.079088,0.07744459,-15.880648999999998,1,0
-16.864182999999997,-5.4864707,-9.892531,-10.650508,0,1
-16.864182999999997,-5.4864707,-2.0929415000000002,-25.009771,1,0
-18.283120999999998,-9.282017999999999,0.07744459,-15.880648999999998,1,0
-9.892531,-10.650508,6.2066016,-4.998244000000001,0,1
-9.892531,-10.650508,-13.889354,-5.980166400000001,0,1
-9.892531,-10.650508,-13.948668,-11.701947,1,1
-9.892531,-10.650508,-18.706156,-4.125839,0,1
-9.892531,-10.650508,7.0268435,-4.7457824,0,1
-9.892531,-10.650508,-5.8727136,-20.359560000000002,0,1
-9.892531,-10.650508,0.07744459,-15.880648999999998,1,1
-9.892531,-10.650508,14.584379,11.345289,0,1
-9.892531,-10.650508,-20.135279,-7.168417,0,1
-3.002002,-26.826904,-9.892531,-10.650508,0,1
-9.809667999999999,-10.692314,-13.948668,-11.701947,1,0
-3.3367655,-28.588403999999997,-9.892531,-10.650508,0,1
-18.557636,30.748652000000003,0.07744459,-15.880648999999998,1,0
-18.557636,30.748652000000003,-13.948668,-11.701947,1,0
8.959473,-0.3071426,-13.948668,-11.701947,1,0
8.959473,-0.3071426,0.07744459,-15.880648999999998,1,0
-4.214944,-25.570847,0.07744459,-15.880648999999998,1,0
-4.214944,-25.570847,-16.523107999999997,31.591165999999998,1,0
6.2066016,-4.998244000000001,-13.948668,-11.701947,1,0
0.07744459,-15.880648999999998,-13.948668,-11.701947,1,0
0.07744459,-15.880648999999998,-9.809667999999999,-10.692314,1,0
0.07744459,-15.880648999999998,-5.8727136,-20.359560000000002,1,0
0.07744459,-15.880648999999998,-13.622085,-9.858535,1,0
0.07744459,-15.880648999999998,48.31922,-12.678768,1,0
0.07744459,-15.880648999999998,-18.402414,28.491756,1,0
0.07744459,-15.880648999999998,-15.877610999999998,-5.259787,1,0
0.07744459,-15.880648999999998,-15.884117000000002,-7.586642299999999,1,0
0.07744459,-15.880648999999998,-17.748511999999998,-6.148464700000001,1,0
0.07744459,-15.880648999999998,-0.35394776,-28.069478999999998,1,0
0.07744459,-15.880648999999998,-4.072404,-26.598521999999996,1,0
0.07744459,-15.880648999999998,-15.468399,-4.8121730000000005,1,0
0.07744459,-15.880648999999998,-20.258938,-6.8853106,1,0
0.07744459,-15.880648999999998,-19.93226,-5.658801,1,0
0.07744459,-15.880648999999998,-1.9572302,-27.245686,1,0
-18.717062,-8.0770035,0.07744459,-15.880648999999998,1,0
-18.717062,-8.0770035,-13.948668,-11.701947,1,0
-18.402414,28.491756,-13.948668,-11.701947,1,0
-0.35394776,-28.069478999999998,-13.948668,-11.701947,1,0
-0.35394776,-28.069478999999998,-9.892531,-10.650508,0,1
48.31922,-12.678768,9.024714,-0.32585454,1,0
-9.195352,-10.481143,0.07744459,-15.880648999999998,1,0
-14.595656,31.245333000000002,-13.948668,-11.701947,1,0
-14.595656,31.245333000000002,0.07744459,-15.880648999999998,1,0
3.7911212,-8.6429615,-9.892531,-10.650508,0,1
-16.293210000000002,36.092968,-9.892531,-10.650508,0,1
-16.293210000000002,36.092968,0.07744459,-15.880648999999998,1,0
-0.10424839,-16.885439,0.5945918,-14.732381,1,0
3.4768083,-9.098297,0.5945918,-14.732381,1,0
-0.15459344,-15.544934,1.5451895,-12.155825,1,0
-0.15459344,-15.544934,0.5945918,-14.732381,1,0
-0.15459344,-15.544934,-16.035343,-8.26079,1,0
-0.15459344,-15.544934,0.39200290000000004,-15.575507,1,0
-0.15459344,-15.544934,3.2604877999999995,-9.387146000000001,1,0
-0.15459344,-15.544934,-1.4857228999999998,-26.719534000000003,1,0
-0.15459344,-15.544934,3.4768083,-9.098297,1,0
-0.15459344,-15.544934,12.727708999999999,7.518175,1,0
-0.15459344,-15.544934,47.918293,-14.561772,1,0
-0.15459344,-15.544934,8.762085,-1.1050183999999998,1,0
-0.15459344,-15.544934,-14.441463,29.402552000000004,1,0
-0.15459344,-15.544934,47.306354999999996,-11.649564,1,0
-0.15459344,-15.544934,-2.641666,-24.915922,1,0
-0.15459344,-15.544934,2.3499677000000005,-10.610897,1,0
-0.15459344,-15.544934,6.075546299999999,-5.592462,1,0
-0.15459344,-15.544934,-0.591669,-17.408047,1,0
-0.15459344,-15.544934,16.020943,7.9956913,1,0
-0.15459344,-15.544934,-19.69455,29.434490000000004,1,0
-0.15459344,-15.544934,-19.345057,27.870110999999998,1,0
8.762085,-1.1050183999999998,-1.0910440000000001,-20.645447,0,1
-16.679726000000002,-9.524664999999999,-1.0910440000000001,-20.645447,0,1
-16.679726000000002,-9.524664999999999,-0.15459344,-15.544934,1,0
-16.679726000000002,-9.524664999999999,0.5945918,-14.732381,1,0
-16.679726000000002,-9.524664999999999,-21.14599,30.552444,1,0
11.025587,8.855045,-2.0929415000000002,-25.009771,1,0
11.025587,8.855045,-0.15459344,-15.544934,1,0
48.370434,-14.308028,-0.15459344,-15.544934,1,0
48.370434,-14.308028,0.5945918,-14.732381,1,0
-1.4857228999999998,-26.719534000000003,0.5945918,-14.732381,1,0
6.075546299999999,-5.592462,-1.0910440000000001,-20.645447,0,1
6.075546299999999,-5.592462,-2.0929415000000002,-25.009771,1,0
-14.441463,29.402552000000004,-1.0910440000000001,-20.645447,0,1
-8.861068,-10.484428999999999,-0.15459344,-15.544934,1,0
-8.861068,-10.484428999999999,0.5945918,-14.732381,1,0
12.727708999999999,7.518175,-2.0929415000000002,-25.009771,1,0
47.306354999999996,-11.649564,0.5945918,-14.732381,1,0
47.306354999999996,-11.649564,-2.0929415000000002,-25.009771,1,0
-9.988985000000001,-10.762247,-2.0929415000000002,-25.009771,1,0
-0.62856895,-18.275816,-1.0910440000000001,-20.645447,0,1
-0.62856895,-18.275816,-0.15459344,-15.544934,1,0
-0.62856895,-18.275816,-2.0929415000000002,-25.009771,1,0
17.258553,8.363438,-2.0929415000000002,-25.009771,1,0
17.258553,8.363438,-0.15459344,-15.544934,1,0
-2.641666,-24.915922,0.5945918,-14.732381,1,0
-20.476103,29.352366999999997,-1.0910440000000001,-20.645447,0,1
-20.476103,29.352366999999997,-0.15459344,-15.544934,1,0
-20.476103,29.352366999999997,0.5945918,-14.732381,1,0
0.45657662,-14.469539000000001,0.5945918,-14.732381,1,0
0.45657662,-14.469539000000001,-1.0910440000000001,-20.645447,0,1
-2.0929415000000002,-25.009771,-0.15459344,-15.544934,1,0
-2.0929415000000002,-25.009771,-14.441463,29.402552000000004,1,0
-2.0929415000000002,-25.009771,8.762085,-1.1050183999999998,1,0
-2.0929415000000002,-25.009771,47.918293,-14.561772,1,0
-2.0929415000000002,-25.009771,2.3499677000000005,-10.610897,1,0
-2.0929415000000002,-25.009771,-16.679726000000002,-9.524664999999999,1,0
-2.0929415000000002,-25.009771,-20.476103,29.352366999999997,1,0
-2.0929415000000002,-25.009771,-0.10424839,-16.885439,1,0
-2.0929415000000002,-25.009771,-0.6593245,-18.437174,1,0
-2.0929415000000002,-25.009771,0.39200290000000004,-15.575507,1,0
-2.0929415000000002,-25.009771,-2.641666,-24.915922,1,0
-2.0929415000000002,-25.009771,-1.5800346,-23.08248,1,0
-2.0929415000000002,-25.009771,10.91666,8.5882845,1,0
-2.0929415000000002,-25.009771,4.5445437,-7.194806599999999,1,0
0.37587719999999997,-15.608584,-0.15459344,-15.544934,1,0
0.5945918,-14.732381,10.91666,8.5882845,1,0
0.5945918,-14.732381,-0.591669,-17.408047,1,0
0.5945918,-14.732381,0.37587719999999997,-15.608584,1,0
0.5945918,-14.732381,-14.441463,29.402552000000004,1,0
0.5945918,-14.732381,-0.62856895,-18.275816,1,0
0.5945918,-14.732381,-2.0929415000000002,-25.009771,1,0
0.5945918,-14.732381,-1.1470068000000002,-20.929136,1,0
0.5945918,-14.732381,2.8022935,-10.073373,1,0
0.5945918,-14.732381,-0.36923382,-16.71673,1,0
0.5945918,-14.732381,-18.163166,-4.6530356,1,0
0.5945918,-14.732381,14.584379,11.345289,1,0
0.5945918,-14.732381,-20.135279,-7.168417,1,0
0.5945918,-14.732381,7.8470473,-3.6149367999999993,1,0
-11.651259,-9.081380000000001,-0.15459344,-15.544934,1,0
-1.2159142,-26.208399,-0.15459344,-15.544934,1,0
-1.2159142,-26.208399,-1.0910440000000001,-20.645447,0,1
-1.2159142,-26.208399,-2.0929415000000002,-25.009771,1,0
-0.591669,-17.408047,-2.0929415000000002,-25.009771,1,0
-1.5820637,-29.278090000000002,-0.15459344,-15.544934,1,0
1.5451895,-12.155825,-1.0910440000000001,-20.645447,0,1
1.5451895,-12.155825,-2.0929415000000002,-25.009771,1,0
2.8022935,-10.073373,-2.0929415000000002,-25.009771,1,0
2.8022935,-10.073373,-0.15459344,-15.544934,1,0
-18.163166,-4.6530356,-0.15459344,-15.544934,1,0
-18.163166,-4.6530356,-16.523107999999997,31.591165999999998,1,0
-0.14572383,-15.525395999999999,-2.0929415000000002,-25.009771,1,0
-1.9572302,-27.245686,-2.0929415000000002,-25.009771,1,0
-1.9572302,-27.245686,0.5945918,-14.732381,1,0
-1.0910440000000001,-20.645447,-1.9572302,-27.245686,0,1
-1.0910440000000001,-20.645447,3.2604877999999995,-9.387146000000001,0,1
-1.0910440000000001,-20.645447,0.5945918,-14.732381,1,1
-1.0910440000000001,-20.645447,-0.14572383,-15.525395999999999,0,1
-1.0910440000000001,-20.645447,-0.5520263000000001,-17.089354,0,1
-1.0910440000000001,-20.645447,-2.0929415000000002,-25.009771,1,1
-1.0910440000000001,-20.645447,4.271269,-8.355689,0,1
-1.0910440000000001,-20.645447,11.775681,9.275664,0,1
-1.0910440000000001,-20.645447,-3.6456604,-27.106984999999998,0,1
16.020943,7.9956913,-2.0929415000000002,-25.009771,1,0
16.020943,7.9956913,0.5945918,-14.732381,1,0
-16.035343,-8.26079,0.5945918,-14.732381,1,0
-16.035343,-8.26079,-1.0910440000000001,-20.645447,0,1
-0.6349785,-25.823095000000002,-0.15459344,-15.544934,1,0
-0.5520263000000001,-17.089354,-2.0929415000000002,-25.009771,1,0
-0.5520263000000001,-17.089354,0.5945918,-14.732381,1,0
3.2829258,-9.208982,16.045738,10.226995,0,1
3.2829258,-9.208982,12.253171,5.376518,0,1
3.2829258,-9.208982,14.297584,11.412662,0,1
3.2829258,-9.208982,-5.7348585,-20.18683,0,1
3.2829258,-9.208982,-2.30124,-27.579520000000002,0,1
3.2829258,-9.208982,11.775681,9.275664,0,1
3.2829258,-9.208982,5.5483947,-6.2897944,0,1
3.2829258,-9.208982,14.3829155,10.772503,0,1
3.2829258,-9.208982,0.6646503,-14.001929999999998,0,1
-14.9793215,30.869108,14.472275,7.970163,1,0
-5.9468184,-20.327507,14.472275,7.970163,1,0
16.03171,11.017803,3.2829258,-9.208982,0,1
16.03171,11.017803,9.024714,-0.32585454,1,0
-17.980812,33.382008,9.024714,-0.32585454,1,0
-2.30124,-27.579520000000002,14.472275,7.970163,1,0
16.014912,9.676474,14.472275,7.970163,1,0
-5.7348585,-20.18683,9.024714,-0.32585454,1,0
48.48672,-12.025675999999999,14.472275,7.970163,1,0
16.201179999999997,10.635696000000001,9.024714,-0.32585454,1,0
4.974916,-7.666109599999999,9.024714,-0.32585454,1,0
4.974916,-7.666109599999999,14.472275,7.970163,1,0
-3.7699766,-26.09494,9.024714,-0.32585454,1,0
2.968341,-9.783577000000001,3.2829258,-9.208982,0,1
10.852558,9.870221,3.2829258,-9.208982,0,1
16.865387,7.6670413,14.472275,7.970163,1,0
14.3829155,10.772503,9.024714,-0.32585454,1,0
14.3829155,10.772503,14.472275,7.970163,1,0
13.607610000000001,7.795636999999999,9.024714,-0.32585454,1,0
12.472401,9.691934,9.024714,-0.32585454,1,0
8.733007,10.172917,3.2829258,-9.208982,0,1
17.419233,8.193156,14.472275,7.970163,1,0
17.419233,8.193156,9.024714,-0.32585454,1,0
17.922815,9.309513,9.024714,-0.32585454,1,0
17.922815,9.309513,3.2829258,-9.208982,0,1
14.222563000000001,7.820297200000001,14.472275,7.970163,1,0
11.775681,9.275664,9.024714,-0.32585454,1,0
11.775681,9.275664,14.472275,7.970163,1,0
11.190071000000001,8.690762,9.024714,-0.32585454,1,0
48.407375,-11.750888,9.024714,-0.32585454,1,0
9.024714,-0.32585454,14.472275,7.970163,1,0
9.024714,-0.32585454,-5.9468184,-20.327507,1,0
9.024714,-0.32585454,-14.9793215,30.869108,1,0
9.024714,-0.32585454,46.075759999999995,-12.999243,1,0
9.024714,-0.32585454,8.733007,10.172917,1,0
9.024714,-0.32585454,12.253171,5.376518,1,0
9.024714,-0.32585454,10.852558,9.870221,1,0
9.024714,-0.32585454,14.222563000000001,7.820297200000001,1,0
9.024714,-0.32585454,-13.774834,30.140734000000002,1,0
9.024714,-0.32585454,-3.037662,-26.247963000000002,1,0
9.024714,-0.32585454,-19.089361,29.232714,1,0
9.024714,-0.32585454,48.48672,-12.025675999999999,1,0
9.024714,-0.32585454,2.968341,-9.783577000000001,1,0
9.024714,-0.32585454,14.584379,11.345289,1,0
9.024714,-0.32585454,-20.890854,34.068714,1,0
9.024714,-0.32585454,-21.388277,29.558628000000002,1,0
-3.037662,-26.247963000000002,3.2829258,-9.208982,0,1
14.472275,7.970163,49.00463,-11.359808000000001,1,0
14.472275,7.970163,12.472401,9.691934,1,0
14.472275,7.970163,2.2703872000000005,-9.817905999999999,1,0
14.472275,7.970163,-19.089361,29.232714,1,0
14.472275,7.970163,17.922815,9.309513,1,0
14.472275,7.970163,2.968341,-9.783577000000001,1,0
14.472275,7.970163,48.407375,-11.750888,1,0
14.472275,7.970163,16.045738,10.226995,1,0
14.472275,7.970163,-3.7699766,-26.09494,1,0
14.472275,7.970163,16.201179999999997,10.635696000000001,1,0
14.472275,7.970163,8.733007,10.172917,1,0
14.472275,7.970163,10.852558,9.870221,1,0
14.472275,7.970163,14.297584,11.412662,1,0
14.472275,7.970163,-17.923021,32.620823,1,0
14.472275,7.970163,11.190071000000001,8.690762,1,0
14.472275,7.970163,-13.774834,30.140734000000002,1,0
14.472275,7.970163,16.392982,7.3251534,1,0
14.472275,7.970163,-19.69455,29.434490000000004,1,0
14.472275,7.970163,-20.890854,34.068714,1,0
14.472275,7.970163,-20.094048,29.055790000000002,1,0
11.694822,8.798191000000001,3.2829258,-9.208982,0,1
5.5483947,-6.2897944,9.024714,-0.32585454,1,0
-20.311035,31.329924,7.9798408,-2.6152272,0,1
8.07292,-2.2957761000000003,-16.523107999999997,31.591165999999998,1,0
8.07292,-2.2957761000000003,-21.14599,30.552444,1,0
46.5163,-11.240313,-21.14599,30.552444,1,0
-21.14599,30.552444,-16.952051,-3.96326,1,0
-21.14599,30.552444,-3.5390115,-27.694696,1,0
-21.14599,30.552444,-17.834754999999998,-9.634517,1,0
-21.14599,30.552444,-2.6699805,-29.358292,1,0
-21.14599,30.552444,49.249559999999995,-12.278388,1,0
-21.14599,30.552444,-2.0418918,-28.049694,1,0
-21.14599,30.552444,-2.8142357000000002,-27.65093,1,0
-21.14599,30.552444,-3.1602497000000005,-27.303457,1,0
-21.14599,30.552444,-12.671807000000001,-9.930455,1,0
-21.14599,30.552444,6.867820699999999,-3.6138498999999995,1,0
-21.14599,30.552444,-4.1837144,-27.164892,1,0
-21.14599,30.552444,-18.10874,33.249886,1,0
-21.14599,30.552444,-11.823519000000001,-10.756708999999999,1,0
-21.14599,30.552444,-11.902047,-8.186099,1,0
-21.14599,30.552444,-4.089551,-27.72135,1,0
-21.14599,30.552444,-3.6456604,-27.106984999999998,1,0
-11.823519000000001,-10.756708999999999,7.9798408,-2.6152272,0,1
-21.349354,34.846718,-16.523107999999997,31.591165999999998,1,0
-21.349354,34.846718,-21.14599,30.552444,1,0
-4.213411,-28.783464000000002,-16.523107999999997,31.591165999999998,1,0
-3.7505076,-25.212095,-16.523107999999997,31.591165999999998,1,0
-3.7505076,-25.212095,-21.14599,30.552444,1,0
7.9798408,-2.6152272,-21.349354,34.846718,0,1
7.9798408,-2.6152272,-14.283132,-11.0283985,0,1
7.9798408,-2.6152272,-2.196126,-25.67705,0,1
7.9798408,-2.6152272,-12.765094,-11.966123,0,1
7.9798408,-2.6152272,-3.7623043,-29.150623,0,1
7.9798408,-2.6152272,-18.10874,33.249886,0,1
7.9798408,-2.6152272,-10.886484,-10.68847,0,1
7.9798408,-2.6152272,-20.135279,-7.168417,0,1
7.9798408,-2.6152272,47.143845,-11.750782000000001,0,1
4.2539620000000005,-7.535932000000001,-16.523107999999997,31.591165999999998,1,0
-14.489273999999998,-10.647093,-16.523107999999997,31.591165999999998,1,0
-14.489273999999998,-10.647093,7.9798408,-2.6152272,0,1
-14.489273999999998,-10.647093,-21.14599,30.552444,1,0
48.366209999999995,-10.584208,-21.14599,30.552444,1,0
4.780460400000001,-6.8793435,7.9798408,-2.6152272,0,1
-16.952051,-3.96326,-16.523107999999997,31.591165999999998,1,0
-11.902047,-8.186099,7.9798408,-2.6152272,0,1
-11.902047,-8.186099,-16.523107999999997,31.591165999999998,1,0
-13.025436000000001,-12.204545,-21.14599,30.552444,1,0
-5.6005697,-20.029144,-21.14599,30.552444,1,0
-20.135279,-7.168417,-21.14599,30.552444,1,0
-14.552143,-10.209653999999999,-16.523107999999997,31.591165999999998,1,0
-9.565933,-10.538597,-16.523107999999997,31.591165999999998,1,0
-9.565933,-10.538597,7.9798408,-2.6152272,0,1
-18.10874,33.249886,-16.523107999999997,31.591165999999998,1,0
-13.927292000000001,-10.610686999999999,-21.14599,30.552444,1,0
-4.1837144,-27.164892,-16.523107999999997,31.591165999999998,1,0
-16.523107999999997,31.591165999999998,-0.65162313,-28.582787,1,0
-16.523107999999997,31.591165999999998,-2.8142357000000002,-27.65093,1,0
-16.523107999999997,31.591165999999998,-21.14599,30.552444,1,0
-16.523107999999997,31.591165999999998,-18.646286,-7.7821355,1,0
-16.523107999999997,31.591165999999998,4.780460400000001,-6.8793435,1,0
-16.523107999999997,31.591165999999998,-20.311035,31.329924,1,0
-16.523107999999997,31.591165999999998,-12.765094,-11.966123,1,0
-16.523107999999997,31.591165999999998,5.320478,-7.100726,1,0
-16.523107999999997,31.591165999999998,-2.6699805,-29.358292,1,0
-16.523107999999997,31.591165999999998,6.867820699999999,-3.6138498999999995,1,0
-16.523107999999997,31.591165999999998,-16.82854,-7.1075,1,0
-16.523107999999997,31.591165999999998,47.547188,-10.450078,1,0
-4.089551,-27.72135,-16.523107999999997,31.591165999999998,1,0
-3.7623043,-29.150623,-16.523107999999997,31.591165999999998,1,0
-3.6456604,-27.106984999999998,7.9798408,-2.6152272,0,1
-0.9354322,-26.728134000000004,-21.14599,30.552444,1,0
-3.1602497000000005,-27.303457,7.9798408,-2.6152272,0,1
-0.65162313,-28.582787,7.9798408,-2.6152272,0,1
-0.65162313,-28.582787,-21.14599,30.552444,1,0
-2.6699805,-29.358292,7.9798408,-2.6152272,0,1
-3.5390115,-27.694696,-16.523107999999997,31.591165999999998,1,0
-2.196126,-25.67705,-16.523107999999997,31.591165999999998,1,0
-2.196126,-25.67705,-21.14599,30.552444,1,0
-15.2554035,32.83941,-16.523107999999997,31.591165999999998,1,0
-15.2554035,32.83941,-21.14599,30.552444,1,0
-0.88174707,-27.293526,6.1967134,-4.8802012999999995,0,1
6.1967134,-4.8802012999999995,-21.421469000000002,30.634455,0,1
6.1967134,-4.8802012999999995,-3.2207825,-29.374607,0,1
6.1967134,-4.8802012999999995,46.823074,-11.799076,0,1
6.1967134,-4.8802012999999995,-1.4341875,-27.278453999999996,0,1
6.1967134,-4.8802012999999995,-19.812885,27.711594,0,1
6.1967134,-4.8802012999999995,-16.10548,34.97462,0,1
6.1967134,-4.8802012999999995,48.414883,-15.025127,0,1
7.184862599999999,-4.621983999999999,6.1967134,-4.8802012999999995,0,1
4.925858,-6.7555190000000005,6.1967134,-4.8802012999999995,0,1
-14.562512,31.12776,6.1967134,-4.8802012999999995,0,1
47.95306,-11.487295,6.1967134,-4.8802012999999995,0,1
-21.388277,29.558628000000002,6.1967134,-4.8802012999999995,0,1
-20.094048,29.055790000000002,6.1967134,-4.8802012999999995,0,1
