146402,-30.606312,21.190203
175815,-35.345985,47.472824
4389006,-46.197918,91.18355
1250384,0.748988,-64.00231
4376131,-33.512447,92.126175
885694,10.109025,-28.273136
528686,-51.761482,40.945698
885086,3.470461,70.23598
346302,-40.442028,19.316753
4015425,-23.85561,64.755684
964519,-13.989875,-35.147564
4658123,-32.15069,29.173574
5290695,-31.018435,102.5083
398877,-9.13155,-52.126637
235211,53.961,-39.53413
1250414,-10.746234,-40.64734
885683,-10.043453,-74.76298
4376144,-34.579536,99.45924
6064996,-8.384317,69.659424
809866,-31.457973,19.31222
6327248,-12.151208,75.69967
4376154,-21.564169,71.301674
1532136,-34.175198,95.51123
663875,-12.249459,-29.725359
4376143,-49.750175,37.849895
175773,76.66228,-26.226017
6876043,-29.550728,-5.9099426
485139,-39.502716,19.692968
809896,43.379753,-44.81622
567777,56.17839,-22.378424
729560,-1.9582932,51.494846
5290705,-31.906494,22.594725
663860,47.09019,-102.31723
1382904,-1.7759225,67.563
1532142,-69.591286,62.680893
745282,45.37854,-98.73842
4015424,-19.352295,68.18312
175782,33.164146,-73.868774
4376146,-7.316059,86.581696
729568,-64.321175,60.707653
1382905,-1.6210657,69.58987
6634168,-32.057278,102.10928
6065008,-11.625495,101.60692
1250376,74.395355,-22.88302
6064985,-68.240265,62.440582
4658124,-32.82756,98.66488
4677365,-38.254745,95.60628
398849,52.040867,-13.682599
4015486,-15.095637,-81.41229
346331,-1.4969664,-80.59221
1382895,-66.17632,59.305943
745296,46.463707,-47.856422
146386,-19.190708,28.238771
5613488,-25.967312,-5.2889805
745713,9.931384,-69.31157
6634169,-67.43644,71.50944
745300,29.1158,-68.81632
885091,-44.325783,48.542553
480821,19.573883,0.30027682
5613460,0.50556743,47.99704
346313,56.493465,-28.518776
485141,-14.532545,8.637798
1173157,-34.4356,19.486937
745294,50.627277,-6.608543
636718,-35.755672,66.75311
235219,14.728957,4.710863
5290706,-39.73272,72.37765
6634108,48.17643,0.5186242
1173156,5.2766833,59.724823
5613502,48.827435,-5.1249285
6327273,-6.571355,98.89916
4658129,-37.846535,97.00866
4389013,-31.303307,27.339287
5613487,-21.170635,-3.5045326
4015464,73.33518,-15.015008
4376134,-31.923761,88.38453
5613431,-28.950798,93.51634
5290704,-64.61295,64.3577
1249015,-64.96411,62.86356
568121,27.503614,-66.10628
885690,50.082363,-22.70229
1532856,5.5472097,-29.64231
1173148,-35.891945,60.52418
6064971,43.235,-41.74929
5290720,-3.1919765,66.53062
663888,26.565042,-59.385193
5290742,30.349379,-30.595133
809879,23.01219,-63.606647
4658140,-24.45847,63.593235
5613473,15.348252,-38.088985
398875,54.99491,-40.833977
1382887,-58.674595,24.299265
809894,55.598705,-7.4226317
4015444,-30.97769,17.717981
4015439,-3.024286,68.170525
4376140,-28.278013,58.752426
5613456,-39.640747,79.94799
4658153,-10.405605,-36.822777
1532126,-22.253527,69.62556
1183757,13.115151,-53.115654
1532833,0.40480253,-34.12175
4376169,78.4976,-9.850232
1372190,8.839476,-31.073591
4376197,-18.738129,-61.584618
885098,-14.931648,95.65854
6327292,-44.94465,84.14935
885704,35.568287,-58.59367
1382906,-31.11251,67.4732
6634110,-39.09129,83.02532
809905,49.138374,-7.3992405
146375,-6.72159,44.11413
885092,-2.8331044,49.692604
1173151,-42.42955,46.558487
4658165,69.11498,-8.592784
636792,-1.9183817,48.4268
4015460,-9.241209,-35.559803
235193,49.709778,-11.973298
1532834,0.7681612,-35.481995
6400486,-60.340225,76.40605
4658146,-7.6087074,88.80488
5652931,-8.425218,104.99179
175789,50.339264,-16.03986
1372196,59.588154,-16.389433
5290770,-27.976206,20.435457
1372235,77.61201,-13.270647
1532781,37.674877,30.595127
567787,-63.141247,50.20749
663912,57.372612,-24.37871
1532138,-29.911032,18.263521
175771,61.353405,-68.74514
4015450,7.2464714,-25.25395
6634155,-66.29507,64.08542
809886,51.877274,-5.0864887
745316,49.03432,-13.171935
4658136,-7.1849456,100.67533
1532850,61.77472,-42.695656
6634134,-10.126823,101.26514
480817,61.202274,-26.524828
4015449,1.7622238,-33.16861
4015419,-22.375187,68.385414
6400489,-64.025185,53.640675
1532122,-10.342739,106.75826
6064961,53.86566,-15.287826
5613437,-26.163254,96.06932
6634192,-26.281654,29.39748
885703,27.392479,-84.25691
1183777,10.069146,-33.28959
6634187,-16.376371,-24.862179
636793,-33.006504,9.256889
568112,-9.635847,-30.22004
6634156,-4.3858767,42.631104
963273,-21.1459,23.21555
1532788,-17.672152,-11.8174925
5613498,48.358147,-52.909584
6875982,11.575275,37.813526
1532839,76.03129,-15.059945
6634174,-65.761894,29.393538
964533,49.366127,-97.35161
6064952,-23.087404,-7.340837
5290764,-10.341774,-33.823616
5613439,-71.35679,62.581764
4376133,-16.50813,88.54713
1532807,-19.340118,-42.949314
1183754,21.676107,-30.099716
7042494,-12.013357,104.15115
5290702,-46.143726,57.75226
4658191,-0.55872697,-31.162357
568118,19.890009,30.178972
745299,26.392979,-62.477833
5613436,-43.360165,54.922775
1250386,-20.223885,-47.71444
809909,1.2521527,-73.3958
809908,-0.0030376236,-58.433872
885716,71.90217,-25.374395
1532858,56.24006,-33.23739
1382891,-65.71843,50.685303
801860,-40.04576,50.32204
1532818,17.209723,60.03589
6065015,19.829355,42.548088
1382902,-25.287281,101.95132
398846,53.310482,-34.887978
5613451,-11.149401,99.821045
5332628,-68.46591,59.895447
346340,8.239131,-73.53738
964502,34.274185,-98.6866
5613461,-1.1445717,-26.336267
801851,-5.6713185,94.14361
1382886,-25.585678,69.80299
6065026,-62.202457,59.198162
809910,20.411188,-50.888325
528688,-12.73393,42.33937
485140,-18.684095,31.108181
6064990,-46.557365,69.766975
6102435,-30.587748,96.69732
4658174,0.20379317,-24.437422
6875930,-8.0653,81.57858
5652398,-56.236366,60.41841
809892,59.964428,-29.378729
5613435,-11.069669,20.024673
5613492,-6.43696,-73.30584
6875995,-63.853844,73.75207
1382903,-6.206588,45.36556
4658156,41.716583,-38.238888
1250390,-14.093525,-74.943596
568116,-27.98698,-23.900364
1382893,-63.453484,62.960827
885688,57.379696,-39.297283
1382892,-65.657394,65.1328
663895,26.168283,-63.710724
146360,25.820648,14.239387
5290762,-9.814929,-37.695473
567800,-44.599583,18.454967
5613453,-2.5531788,65.57095
4015499,49.422054,-9.080804
4658163,-38.86029,18.259434
6327272,-0.33611885,100.49935
1250413,-11.832247,-35.77687
1532795,-12.871321,-11.422147
1372230,25.112701,-67.7855
1372187,61.42931,-24.382782
6064975,-7.2508254,-35.869442
4658127,-36.229813,102.25438
1372188,52.98019,-11.615135
480803,21.802029,38.328217
1250362,14.32609,36.31582
6327240,-14.073181,-38.331573
1532150,-24.312016,60.97781
6102455,-65.18076,27.620682
5333020,-48.468758,90.12123
745301,-14.97517,33.782047
346326,55.455166,-11.286384
5613447,-39.460243,70.91436
4015461,17.144169,-45.930355
4376160,5.382905,-47.807735
5613440,-48.778027,64.781006
567746_1,13.499064,11.400999
4658130,-11.835606,50.776505
1532141,-32.96734,22.208103
1250404,-16.358608,-64.98457
6634150,1.2234473,-50.62035
5290719,-1.8498768,55.898518
4015467,16.156414,-30.398859
4658183,75.10843,-13.92421
6064959,-1.6603222,-32.838375
398852,6.5507264,-67.89725
346327,49.99388,-49.469654
346321,48.346584,-36.223812
4677352,-67.4643,75.79094
1532851,44.441605,-43.645134
809869,45.51536,-91.17812
964506,43.69275,-38.940956
636786,13.000108,61.153698
5290738,42.669804,-39.20178
1532857,11.446999,-40.19003
175794,-12.57956,31.368847
1250402,2.0122356,-22.600555
6400558,-18.22708,66.27294
235227,49.69585,-37.638954
6064956,-0.26230535,-36.67471
6065000,-26.22007,52.179253
4015422,-27.413832,15.266327
1249008,-21.566048,62.288406
1183810,25.839113,-82.690056
5613452,-22.59842,92.19861
745329,25.9077,-91.8703
1173155,-21.719213,101.75987
6327275,-34.56238,94.281
6327271,-13.288145,97.99537
6102463,-41.659145,100.092445
5290754,52.950996,-8.203956
5333443,-51.854477,83.88931
4376159,-5.2735057,-32.591446
5613462,41.99025,-41.054432
745302,-44.9703,29.824478
6634091,-16.137062,70.02234
5290776,34.54464,-19.33628
6634124,-63.101723,65.38863
346312,54.930786,-24.968792
480806,28.564209,-65.674126
809871,-21.508013,-8.034583
6327268,-59.61431,64.36512
5652520,-15.383373,66.32402
809865,65.5311,-25.50092
745309,1.807737,-70.97079
4376171,72.35491,-12.328712
6400556,-54.068447,22.623993
1183764,-2.3491118,-50.902134
6064965,-0.07179153,-23.015976
6634096,-0.7813878,68.66199
146391,-7.883289,-66.75099
6064958,-31.057335,-25.809652
6102457,-18.929901,-1.6895881
1382885,-38.540226,53.075584
4015490,-13.732944,-25.167463
729555,-51.44966,34.81945
1372194,14.662795,-5.673679
1250400,15.091028,-28.886686
4376165,3.9220786,-15.667541
964490,-1.0615257,-71.416565
6064997,-26.416668,28.365784
4388999,-71.92344,41.997967
6065001,-26.985626,18.732285
4035752,-20.167683,70.49805
6876042,-0.22257078,65.8608
5613448,-27.993658,29.53958
5290766,39.626137,11.448021
1250366,47.39608,-98.102295
1372185,56.808212,-35.386753
235231,10.2507305,-61.757347
6634126,-30.725498,90.95484
964491,38.75029,-91.6201
1532792,-3.2108848,-17.806116
6065027,-59.17464,64.394936
4015447,3.1840165,-16.776268
1183799,53.67488,-7.1211977
4677358,-41.160404,93.08439
663883,32.725014,-93.9857
6875969,-15.555559,61.7036
5613472,42.3576,-36.010094
5613499,40.767086,-39.397213
1372213,73.25352,-26.758326
6400559,-44.047413,93.01339
6875974,-45.90233,65.799065
5290740,25.352266,31.350943
1532796,24.02351,-94.56345
5290692,-10.302252,67.27868
568126,44.060402,-96.15919
5290763,-11.839432,-37.544895
559210,-11.920987,47.73156
4376150,10.5527115,33.41237
4658131,-73.898895,21.980059
1250412,5.324107,-36.436745
1250385,15.51277,-52.004837
4015416,-29.057768,67.88801
6400485,-13.9811125,100.118355
4376157,10.247295,-31.094751
1250363,64.70466,-33.238964
663907,25.54767,-85.79865
745298,24.986525,-64.73767
146359,46.211624,-32.494434
6065012,-25.947538,67.44831
4658133,-35.814568,75.29738
6875959,-54.909668,80.576584
5290768,19.845078,-32.390068
4376187,-16.595716,-10.162552
885680,26.462673,-90.39134
801858,-38.264305,23.031254
809864,16.493296,0.06464309
885699,51.802517,-96.84151
663929,45.79923,-15.84508
885739,-11.752895,25.130512
7042487,-1.5367045,103.02754
346311,49.396015,-30.545675
6065018,-25.11774,91.04242
745311,-17.911457,-48.50642
4376191,-13.646578,-77.24497
4376152,-32.37465,58.864388
745284,77.39562,-28.739073
6634132,-27.49242,-52.980484
663910,49.38661,-51.43434
964541_06,17.445028,-50.870174
1250420,25.08057,-60.663273
528685,-22.258698,20.37771
6327274,-7.0826306,102.87377
6876014,-64.04463,29.74724
1183791,3.3825424,27.782787
5290775,-3.6010754,-75.49784
636761,-0.5426216,22.573133
1382894,-29.46367,18.942055
5333878,-43.019833,94.54949
6875920,-49.32737,65.68355
567807,33.34744,-51.159676
4015471,2.3661904,-37.35048
1372191,18.970758,-49.813858
6634127,-67.0206,30.823301
6634164,-9.089428,102.33298
5613500,47.22374,-21.476421
1250401,-55.822758,18.350407
6327279,-19.002953,72.82672
1382890,-15.385207,16.56294
4658154,55.37407,-62.488495
6875967,-38.356846,100.11647
398870,-29.651884,42.5178
5290731,-8.360326,15.3196745
6064947,75.92242,-11.514875
1372195,40.683067,-45.419384
4658155,43.23419,-37.5024
4658159,-13.935635,-22.171741
964541_08,32.844055,-99.56855
4658178,-26.972668,-12.518326
6327226,-25.928774,-8.564598
4015417,-21.325794,74.44539
6327206,-28.182743,-11.2233
5290745,-40.833897,15.117525
6634141,23.62863,-29.96174
175780,27.148018,-67.52002
1372217,23.569592,-60.147152
1372176,-12.381879,-73.39529
4658160,-28.484997,17.498068
4015487,30.422548,-17.519434
964557,-37.751324,-43.47134
568127,23.96285,-81.19376
398859,-20.993898,9.018883
398869,31.440516,-6.569404
1372212,54.64438,-10.5386915
6875989,-2.1941493,81.77017
6634160,-12.854975,102.20988
5613425,-19.851513,47.84228
663869,22.678885,-84.58492
235222,32.552544,-5.0171986
4015480,55.08275,-4.19278
6875946,-21.908602,78.61758
745288,35.78361,-51.841564
1532794,8.149994,-53.73008
6327261,-18.8388,46.325665
964540,20.257793,-24.476397
5652392,-62.652836,64.32885
1532139,-33.381264,26.027697
1183776,3.8065577,-73.54943
559213,-3.7244806,47.60127
4658175,-17.980024,-59.956387
4015465,60.021442,-34.914753
4376163,-8.047969,-2.1193392
5613467,80.78169,-9.439205
4658148,-42.34896,70.86
6876039,-28.071222,92.805664
4389011,-40.01859,90.097435
480795,12.385286,-34.663616
1372174,0.48349625,-83.0107
4376132,-5.3867474,58.674416
4677361,-40.717205,101.49996
1250374,34.328182,-54.263065
885714,75.092445,-27.248112
636789,-20.083176,37.558853
5290732,30.96573,27.125914
6102461,-66.43971,41.528633
5290736,-16.728329,-63.328777
1382909,-33.101273,68.627975
4658149,-41.661373,56.547478
6327251,-26.314945,71.50442
964508,-8.241464,0.09071307
559214,13.364562,59.78745
567784,57.51081,-26.622
1372209,-4.422605,-39.729507
6400553,-26.057175,46.63595
6102440,-17.283812,67.702095
729558,12.516719,63.668594
1532831,48.220203,-24.368286
6102447,-41.436893,88.05754
6064986,-22.009144,86.48593
5290756,39.417385,-28.969255
6875900,-71.95003,54.866646
5613470,-10.299526,-35.3054
528691,-35.611427,39.462193
5290737,41.933933,-37.39569
480792,7.0238576,-72.36661
885705,28.613262,-80.2201
745314,35.126003,-92.77114
6875956,2.459072,-20.332499
4376198,-18.352232,-41.963802
6327220,40.691803,-37.116417
1250408,32.983807,-102.11905
6634116,-25.862482,55.737957
1183796,43.246994,-100.87416
5290758,59.0667,-2.4523296
5332593,-67.20858,27.65806
4658193,-23.964645,1.9798543
885698,5.3939185,-76.03142
1532848,51.67927,-30.887442
1250394,-0.71330357,-48.541
6327283,-6.225906,13.842774
1532145,-43.366383,60.671585
6064976,-14.979473,-77.0228
1532811,-1.1309361,-85.12072
4015483,34.909313,-78.919914
6875987,-67.08933,24.572676
663866,-45.18117,19.627384
6327262,-62.657593,28.45922
885097,-43.942802,27.71302
4015493,25.788017,-66.27647
1532802,5.437732,-56.967777
6064950,-17.330317,-7.254203
4388992,-40.07676,97.96099
4015442,19.06057,-36.408726
4035762,1.3368037,97.98435
1532143,-5.63554,49.752457
4677353,11.423478,47.284267
4035766,-69.546555,60.926548
5652443,-62.194687,68.318016
1183772,75.460724,-8.707579
6064987,-44.864616,56.117123
1250353,21.073374,-28.897058
1532128,-44.575092,52.797245
6634152,-10.439393,94.33096
6064980,31.369848,-28.026653
4658145,-23.161484,71.94654
6065010,-8.781118,95.6858
1372225,20.56266,-90.68814
663897,56.28457,-27.251276
6065022,-64.19029,22.702078
963279,-32.113995,52.311337
6400487,-66.522804,61.569157
5613449,-15.85632,103.405334
6876004,-66.88661,32.757042
963290,-40.16823,53.356762
6400488,-67.61081,65.307014
4376178,26.254179,-39.047943
4658142,-35.27323,68.73345
6634167,-68.762695,42.612595
7042495,-55.926773,72.04463
6876032,-14.372985,103.90554
175818,12.985951,7.811716
6876038,-4.0063043,104.225365
1183793,-7.939664,-3.1931179
6875910,-2.6655562,-41.167202
4658152,-6.4419537,-78.15442
1372219,46.30721,-9.449171
1372181,2.3797593,-72.11789
4015470,-8.983502,-2.8827467
4015446,3.7918682,-21.59949
6327278,-28.5746,32.721508
1249011,-30.677288,65.30057
964516,-8.880178,-31.827236
809907,73.85042,-25.692492
4389009,-43.084858,101.757
964507,73.90527,-24.511986
398874,18.15594,28.056017
5290744,-6.783159,-2.6524868
745280,50.099354,-100.95197
5332586,-28.812487,26.293133
6327277,-49.069683,87.70963
4015502,2.405307,-59.386276
568105,-25.123692,-21.629753
1249030,-27.659863,70.07231
745283,39.137383,-101.17746
1183785,1.84575,-40.51231
1183797,51.19059,-8.981924
663882,0.69663715,-72.034706
6634163,-18.233416,69.766174
809932,-11.575372,-34.28299
6065003,-25.327675,64.21486
1173159,-68.03358,49.955276
567606,-18.364935,-76.93098
6875972,-21.048513,65.83546
6876013,-12.041899,97.32004
4376209,41.36733,-42.876335
4658188,-14.017418,-25.804325
480805,39.56826,-105.062225
235203,25.89768,17.485613
6064995,-47.448452,65.33867
745319,-7.85061,-34.486713
1250379,52.95732,-10.197784
809904,59.66626,-24.691698
663898,59.288555,-26.64401
4376167,1.3609018,-17.113588
7042490,-56.487278,31.377523
1372189,42.526455,-101.4761
4015488,33.65842,-110.24752
809883,-9.519228,-1.9065121
6634107,-34.946777,-5.103342
1372220,56.235825,-2.4328597
1372214,71.075294,-19.885374
4015448,6.95218,-33.888744
4658198,22.65837,31.073242
5290694,-60.266907,26.807392
6327216,13.762654,33.795284
1183771,22.946066,-107.48189
5290780,-11.617941,-66.13777
1532777,58.676754,-4.864984
885724,39.970257,-98.1095
5613429,-4.875729,92.15854
964489,24.758364,-104.03671
5290749,0.46272442,-21.376831
745312,44.074013,-90.313896
568110,33.506317,4.0426965
6634137,1.2213123,60.38766
4015501,-17.399965,-75.37354
6065019,-69.86114,28.583742
1372221,21.035574,-31.310904
963288,-16.65088,33.665363
5613468,-63.430447,52.25394
568119,4.257828,-69.90847
6102449,-59.114925,77.24991
4389000,-70.12553,74.76289
1250354,33.365284,-61.10216
963274,-34.277023,36.59434
6064977,-0.4786891,-51.94271
6634089,-36.31619,15.776258
5613443,-33.319195,14.901691
6102439,-31.599915,60.267902
663886,33.174072,-55.84448
5290708,-3.8912082,109.42181
5333431,-68.440834,73.56743
4376196,23.97036,-26.846613
6327232,-28.273285,0.25709137
4015479,0.4441521,-4.513597
6634101,-31.899784,48.7514
1173153,-38.848392,53.81573
5290707,-68.509384,30.445072
1532819,-32.187737,64.263084
964522,-3.5782974,-62.920578
1372179,66.47014,-38.36874
146387,-17.946049,29.240437
809878,32.65169,-66.84404
4658125,-23.310617,42.916027
6875966,-25.4447,87.417046
4658138,-36.658142,53.02455
809911,8.009192,-65.7359
6327265,-44.582817,56.899006
964499,3.426711,-84.42136
6102456,-54.09283,70.51754
6065025,-30.070126,16.242685
6065024,-62.749584,53.882347
6875957,-60.384624,69.96695
964541_04,63.328827,-37.040966
4677370,-13.0975895,64.897934
1532790,-0.40095934,-4.7894793
4376151,-6.5385456,61.92372
885679,-9.049319,12.080649
4015496,-11.711804,-79.15792
146373,17.724178,12.8863535
6876008,-65.11987,31.966496
5332611,-71.581245,72.965
7042493,-55.48476,78.65314
6875938,-10.616038,103.58013
1532830,39.147575,-50.196728
963283,-42.1272,53.65917
885696,8.555955,-32.913097
1372208,0.028671145,-42.097225
4376192,15.501958,-53.79398
6102438,-44.804005,94.21123
1183789,43.220303,-49.41859
6634195,-57.70474,70.11946
6634111,-54.344097,64.706055
1372200,51.399437,-100.0196
4376173,47.058514,-23.462473
4015497,66.28443,-31.768211
4658197,16.633085,60.816452
1173160,-29.251305,53.343277
809906,58.442158,-30.850527
346315,48.069473,-15.572265
6875985,-2.297933,89.473915
1532859,27.656696,-37.762943
4677368,-69.2812,71.492195
6876047,-64.749916,66.58464
4376145,-36.78567,90.20209
809891,43.443874,-56.072952
5290759,57.31822,-0.7130689
663848,1.0822767,-80.04327
6634104,-41.134777,69.845146
6327258,-9.464958,16.470318
1532853,-28.28205,-25.127733
1173145,-9.244499,13.80476
964498,0.21867155,-84.10361
1250357,-12.228976,-45.048386
485146,50.596172,-32.119106
398848,32.515903,12.497612
6327298,-41.06745,94.84239
5290715,-2.3619645,73.93767
4376172,26.817955,-88.85137
4376136,-55.941517,21.737135
5290722,-8.712414,106.43001
6065017,-14.234459,76.74078
1532799,3.0799327,-64.228966
4658184,58.217373,-10.586185
1532842,72.83127,-24.507362
1250375,27.428173,-63.14666
398857,2.4891503,12.491056
480801,4.4006076,26.457468
964534,41.531273,-104.031624
6634106,-21.06846,-40.13119
346332,20.456524,-56.62469
4376175,37.67766,-36.12248
235217,-23.87975,37.58054
1532805,-0.011099107,-69.63515
1372198,20.010069,-100.987686
1249014,-60.56705,47.675503
6400555,2.319382,-31.491837
6634100,2.2082672,100.2562
6634165,-58.033867,18.899828
6064936,-3.6685853,-12.67794
4015418,-18.888466,98.91665
745289,-24.17339,4.9908023
4015432,-37.43361,79.86702
1183783,47.43414,-99.615326
6064969,14.162541,34.100586
4376185,0.5495855,-32.906994
5652940,79.59851,-7.1533747
1250361,61.18183,-35.96107
4376168,22.93862,-2.5179374
6064964,20.434084,-15.447009
235205,13.124154,14.277261
4015452,38.967968,-48.85181
6064991,-40.526237,71.48205
4376147,-37.482662,59.218555
4015433,-29.728622,63.753548
7042482,-8.37601,65.03871
5613495,44.758305,-67.63724
5652880,-39.111763,92.273224
5652433,-69.66744,59.21277
1183798,51.71256,-12.506851
1532800,31.147377,-103.36884
6875958,-28.143076,-3.355235
6327281,-23.746334,87.70186
4015431,-38.73051,49.34778
5613442,-26.36112,21.311407
4015420,-12.864372,86.217896
1249006,-66.73403,68.20163
6400491,-2.6939504,93.57947
963293,-41.254784,38.96109
480818,50.040627,-35.041214
1183769,-25.004889,-20.41451
4376153,-37.033215,56.55292
6634128,-73.371376,56.059505
6875986,-41.13101,91.096695
1249009,-33.783573,51.748573
4376205,35.72488,-78.23529
398876,51.099648,-39.10203
6327288,-15.567774,57.49914
6102448,-64.07583,67.7975
6065009,-3.88757,92.69133
5290713,-36.546455,92.28766
4677366,13.623384,48.971222
885088,-36.760925,43.79771
4015421,-76.049194,58.02935
4376188,-53.23313,18.888617
4015469,-57.42357,17.28335
1532129,-36.601677,57.35437
4677362,-45.86303,92.71573
6634182,-21.207695,92.21288
5333920,-52.303295,54.435898
4389008,-2.0199869,104.847534
6634095,71.32087,-8.809367
1532783,17.347149,-69.27641
6634153,33.282074,-31.61628
4658170,63.13513,-11.438347
6876024,19.031122,-53.81563
4376164,-8.198727,-14.782402
5290696,-12.783891,63.749905
6064955,-1.8831296,-49.585247
568111,12.390153,-36.7968
4658195,-1.1776146,-18.296272
567608,0.9893361,-71.302826
6634171,-29.042376,-27.241077
4015489,37.020313,10.382067
6634085,-27.813692,52.74886
6634138,-26.469366,-3.201685
528689,-34.561237,44.062992
1532133,-9.179934,97.265015
4658169,-20.085823,-32.66877
885689,61.01268,-33.1739
964531,14.591019,-48.994366
1532810,-0.37831187,-81.15159
5613459,-15.245055,-26.18477
5613476,-15.43511,-44.874447
6327294,-58.374912,79.767235
964521,5.18156,-63.92745
5290734,18.823833,-27.605097
6327205,73.504234,-17.071463
963287,-44.245895,33.46799
1532817,-19.637388,-27.804354
6875992,-10.7647505,102.17985
4376174,38.668488,-38.173283
4677350,-69.86263,36.867325
1183762,57.623566,-67.59909
6875935,-27.04936,-51.237213
745317,58.966187,-70.556816
1532773,48.69468,-1.9006616
568125,34.68451,-105.3141
1250378,56.001884,-34.056522
6634149,10.283072,-44.667484
4015494,-4.5316086,-19.343357
4015453,48.80369,-22.99291
6634151,10.973098,35.54833
6064960,-17.463943,-28.062193
1183760,40.76761,-102.17084
6876040,15.468391,-4.2217417
5613483,-28.135542,-20.522587
1173161,-64.449844,50.877796
663867,-23.002249,32.547905
809877,38.81702,-103.517746
4376180,56.50586,-4.872384
6064939,71.873146,-21.794899
1532770,56.444275,-14.030104
6634188,-30.008041,-22.533218
963278,-24.509129,41.121727
4658164,-4.6072636,-18.415188
5652910,-45.032482,79.61539
964538,21.347216,-34.888424
6102446,-3.3297627,69.54486
5290760,-10.612195,26.932922
4035747,-8.870343,48.686
4376179,57.416103,-9.240784
6102453,-62.12807,71.42654
1532780,53.920776,-5.922111
4376155,-29.495628,76.53641
398863,-41.926662,32.957027
6327244,4.6359673,-17.165163
1249007,-1.1299049,62.77176
4035765,-56.684563,41.419857
1250388,2.9661288,-60.698017
4658134,-60.874924,51.803978
6876041,-59.424137,75.05937
1249024,-36.235344,19.833626
5290718,1.301896,61.494076
745315,28.936537,-91.56234
346304,4.413409,21.103882
6102460,-53.73162,55.715782
1249016,-33.61368,26.860722
559226,-39.851624,40.640648
7042489,-19.532593,52.219776
5613486,-24.068798,-0.68239427
6876049,-1.4878368,98.51335
6327284,-26.372416,91.24653
885745,21.228308,-2.4744632
6876029,-22.898458,58.047142
5290698,0.8593943,100.7001
6875917,-11.823453,84.20044
4376193,32.30067,-18.064394
5290709,-74.349335,54.24193
6875996,0.031281654,98.75782
4035759,-43.14412,96.590126
235228,-20.606735,-78.40523
745332,73.02659,-37.640118
6875990,-27.352201,-17.823408
4376137,-65.233376,24.290854
6327290,-59.397285,70.943794
663916,-75.12427,49.04744
1372236,23.075,-79.8889
398853,-20.082363,-77.100296
5613450,1.4094098,96.29152
6634198,-14.535108,-8.671847
6065007,-22.227406,-9.614643
4658147,-27.079,80.232285
1532151,-26.971584,54.276966
6400493,-71.12412,44.301804
636759,-36.346203,41.59264
6875926,-19.998325,-1.207255
809863,68.745415,-28.305443
964541_01,39.982353,-91.9725
4389001,-58.562054,60.795204
5613457,-8.576001,107.67945
4658171,-0.9644959,-83.39501
1532124,-37.39139,62.95942
5652885,-40.90182,86.28453
809914,12.5037,-69.81769
6875905,0.47149044,-49.43898
1250399,16.814177,-101.92571
6327285,-31.326311,84.32576
6400490,-71.59894,59.646965
745297,52.837517,-44.566456
6634189,-27.295723,66.56818
745333,49.9645,-52.501194
809926,5.3940325,-8.423278
5333023,-43.276985,88.40689
7042484,-18.763107,63.703026
885743,5.2857256,-7.272047
1532793,-12.935926,-63.1173
1183767,24.650372,-91.4573
4658187,33.902946,-77.169525
5652530,-19.074287,39.424423
5652879,-39.113926,94.74944
5290699,-21.76982,66.5327
6064983,32.34811,-30.640554
6327475,14.286309,-50.998753
5290717,-11.801482,91.35465
235180,-38.07229,-34.732635
175830,-38.07433,-34.730408
663931,-33.269066,-38.141975
1183815,-33.268406,-38.142605
398884,11.0588875,-11.795473
175784,11.059882,-11.795213
1183828,6.3796883,-7.9708586
964529,5.937637,-6.3591022
963295,7.925982,-7.280874
1250352,7.2723165,-6.243517
480815,6.5806856,-9.061178
528681,7.568288,-8.415589
6327293,-44.54828,95.355606
4658173,39.59117,-75.493576
346334,27.095625,-71.610664
6634181,-34.075058,103.73814
663930,38.075825,-82.70327
1372216,-5.1358323,-59.954235
5652460,-70.431145,72.31563
1183774,79.69753,-13.074607
801853,-32.4026,38.22573
5613493,-4.2232265,-80.70129
175804,11.890238,0.0644244
745348,6.6932044,-7.194329
6875922,30.144033,-14.999022
6876046,-11.246195,79.17671
6064970,20.836054,-26.529373
6634172,-28.22075,83.92728
1250373,26.944206,-64.772606
1250391,9.769365,-56.19779
1532855,-14.472268,-47.345985
346305,16.574501,3.6612751
568137,50.264095,-50.795216
1532835,9.343205,-38.62667
6327212,-15.480562,-73.90245
6400557,-55.37939,70.094246
235210,51.893223,-35.612328
1250377,63.26737,-33.01073
4015441,10.887516,-54.257797
1532778,55.986755,-1.4718814
5613479,16.330923,-49.945423
964515,-13.135628,-27.45544
480789,32.28742,-53.90683
1532772,56.17531,-20.657427
480809,17.159641,-47.9386
6875964,-26.99326,-20.938572
6327254,-26.335257,63.349255
5290701,-19.063627,96.69855
1532782,31.366682,29.291187
729567,-45.559586,45.062115
4376212,45.6357,-44.436325
6064942,1.499744,-48.426453
1532776,-17.568537,-84.145905
4376200,5.337607,-34.946487
1532148,-16.849012,36.257233
663858,70.640526,-24.178816
4015478,27.323854,-39.521122
6327228,53.964455,4.3798985
568108,53.77174,-60.424236
4376202,0.92718333,-5.2595267
175807,7.4582686,2.16926
885715,62.811413,-26.500961
4658194,-0.42483214,-5.680143
729564,-36.215508,45.495613
6634178,-14.432062,86.50948
801859,-37.540825,47.105213
1532832,48.22483,-22.4994
6327242,0.77392375,-40.835453
663887,40.36952,-72.59895
6875981,-70.71668,32.091476
4015440,19.774485,-22.272524
5613444,-38.23982,63.616314
6875913,-38.946556,105.90038
480819,52.436428,-24.560663
6065013,-60.122192,50.22226
6875950,-14.622987,84.68994
4658128,-29.973856,86.06345
6102451,-56.988384,60.576294
559216,-35.968246,21.239117
6634130,-34.342297,87.574326
1532771,50.98656,-11.243816
801866,-43.04455,27.98046
6634103,-20.122585,83.70964
568124,31.444427,-89.426445
6875940,-17.70723,83.365486
4376149,-73.492874,53.591415
6327215,24.47027,29.906044
1532134,1.532642,31.099619
963285,-32.641926,45.861282
6065021,-24.05778,59.606686
4015484,33.40876,-104.79882
885711,33.985435,-108.42286
4677356,-65.67592,30.712399
6327282,-20.120773,84.76782
6875983,-25.012987,60.06094
5290748,-26.062593,2.440246
6634119,-8.547419,60.306793
6634088,-18.509663,40.91229
4658166,3.977214,-19.6318
5290777,35.43262,-5.668432
5290725,-60.819046,52.780735
1173141,-0.7179553,61.6974
6634166,-13.872483,77.93361
964532,30.277584,-104.93288
6875999,-72.38923,61.595722
1532801,22.949436,-105.82281
4389005,-55.730053,40.60279
6634115,-58.884365,78.6621
6634179,19.273026,34.171738
485143,4.360681,6.643965
6634184,-52.5039,57.034447
6876036,-30.763689,79.972305
745307,17.02584,7.0839033
5290755,-27.451717,-15.928753
4015437,0.98754746,81.79385
567600,46.608303,-100.28437
663871,70.851555,-29.335936
6102450,-68.957405,72.377266
6634087,-14.727777,59.458748
6634113,-26.50893,92.246704
885723,7.305185,-39.959576
6102437,-70.33708,61.36221
568115,74.290535,-40.077255
235226,45.09102,-30.23894
4658144,-37.65096,86.58929
1382900,-75.11849,54.982147
4376204,-20.61433,-49.835064
6102454,-67.17769,29.436333
6327233,-25.631157,-52.505882
6102441,-4.3296976,65.44052
6634146,-5.027824,97.82128
1532152,-14.3675,107.17769
6102462,-36.055042,77.051346
4376208,-11.530955,-78.32891
480796,-21.541384,-77.10616
6634170,-12.932199,73.9254
5290728,77.81175,-8.480937
809897,75.94063,-28.844189
1173149,-22.857328,-2.1999876
1250403,39.85896,-90.295334
5290710,-23.257814,59.921284
1372228,23.546215,-67.95072
398845,15.211568,-56.67201
6064988,-22.95594,92.93404
745291,73.9301,-32.843777
1183820,-13.365507,-64.316345
568103,34.428722,-57.698597
6327222,32.67988,-28.887848
1183758,32.426697,-65.468475
5613474,31.802721,-29.914173
6064972,71.78969,-17.823828
5290735,46.835392,-45.09772
963289,-29.94555,98.370544
6327204,77.200935,-15.381786
235202,18.544172,7.8187175
1532803,-20.994337,-61.44739
1382888,2.3557386,42.263233
6875976,71.194,-6.940189
1250406,-3.4778886,-69.27663
4015463,39.914715,-20.441309
398850,52.082806,-28.592422
4015477,8.270084,21.491589
964541_02,1.2340795,-74.68837
1183761,-1.802926,-52.15034
4677354,14.143759,44.90999
4376189,-2.47835,-84.08204
4015500,-2.6420069,-82.0952
5290757,12.552015,-25.96764
885684,-10.827585,-2.3358355
4015473,29.901093,30.120377
885697,-20.338802,-70.223564
809895,63.660957,-39.535435
6634193,1.5700179,-43.74235
1250372,69.03297,-25.728157
4015476,-16.555408,-61.13328
235199,-5.709727,16.022442
6875918,73.94483,-16.301588
1250364,63.899853,-34.48786
1250396,-49.437126,17.714455
6327245,-2.45909,80.08436
6327239,-9.029783,-33.04181
885685,-8.754016,-1.1625955
346308,31.321142,-83.76984
5290751,-4.545941,-24.68842
1532813,-12.492628,-71.61811
4035751,8.097919,48.137314
6102442,-45.79793,78.65423
568136,36.30883,7.9799423
1532841,56.54841,-11.526025
6064946,-0.31281433,-82.341515
6064968,34.50364,-28.385483
528692,-33.23476,39.389282
4015481,54.42502,-12.750317
4658192,-15.252587,-9.814649
5613489,-0.9737973,-34.4266
1382901,-39.989075,25.13004
809921,1.4067549,9.011901
6634099,-34.487637,56.107162
4388998,-8.804873,33.12191
745295,51.32382,-23.180971
4015436,-1.0392947,83.5628
6065005,-9.652203,79.05474
6064945,71.03867,-14.513875
6064994,-15.958323,73.48843
663868,-37.97189,32.11018
6065011,-50.209183,49.584595
5613501,26.797148,-18.156876
4376129,-41.306973,58.126797
7042477,-58.74373,21.844315
5333911,-23.808117,17.811132
5333437,-9.979035,98.87079
663874,16.52839,40.314964
729570,-49.58878,31.744703
6876027,38.376263,-8.442736
1382889,-41.610256,7.7994256
6327291,-41.690323,68.46304
5613475,21.756458,-22.152838
4376166,-12.152781,22.71086
636791,-42.308228,26.588533
5290752,-5.009824,71.33945
6102443,-19.282259,71.968994
6064998,-66.945816,57.362972
1532797,44.924828,-100.70654
6876015,-3.9230604,107.71157
5613482,-7.871474,-19.038204
885702,53.41839,-76.82652
5652484,-66.53842,39.033108
5653598,-43.11212,99.95871
6400552,-10.350789,91.685616
5332629,-69.62539,43.53579
6634190,-24.019754,52.21177
4376141,-11.455897,51.88562
1532821,-30.787716,7.5124507
6875947,-50.655354,84.43514
1250405,42.314415,-90.65986
6634158,-58.00091,75.150795
7042476,-57.494415,37.260117
1183778,39.676308,-93.798805
6400494,-3.3223941,105.60764
663909,37.01271,-88.63494
4015435,-26.350048,77.15721
809867,22.80819,-91.16805
1382907,-28.199142,71.356255
1250367,43.477318,-98.31903
5290746,-29.932909,13.922951
6634173,2.9821188,82.05971
6327250,-19.327478,60.810284
5332584,-69.11101,39.176582
485154,10.952425,-74.359245
559215,13.535826,-19.426285
6327297,-37.717724,102.28881
7042485,-30.105276,60.516125
663853,-19.25958,-74.72905
1183790,-36.289856,-5.0050073
663872,17.913675,-56.963146
5652932,-43.173367,90.34467
4389003,-54.82723,35.173653
146361,34.883427,-64.48729
809902,35.736847,-107.99439
6065028,-25.00728,62.577545
885707,2.6826382,9.055053
6065002,-20.661509,63.00319
480811,-46.01313,18.506193
6327259,-22.887766,83.14746
5652922,-11.156007,98.684235
346330,32.89001,-8.807501
480802,15.907955,17.373604
1250389,27.269455,-97.626816
568123,26.710833,-69.17236
745342,51.058872,-92.97641
745318,70.38861,-28.121702
663902,31.768467,-106.49736
346324,33.270752,-7.746209
6102458,-31.611595,71.112816
1183808,35.936287,-76.40857
5290724,-34.674637,70.34579
885737,29.20551,-51.514763
1372226,35.424084,-62.645206
4015454,43.140686,-28.966866
885673,13.600352,-68.39738
6876012,-42.23465,57.619457
235223,44.158974,-83.61367
4658137,-12.613437,70.38252
6876018,22.830374,-28.620657
5290726,-34.79074,74.153694
6875945,21.522804,-25.317663
346333,47.955006,-74.60819
964555,22.830017,-32.183655
964517,15.737209,-71.382256
1183766,-10.198258,-43.656605
346303,15.949416,10.847294
7042480,-70.50951,65.34604
1183770,38.666447,-89.915855
1183826,-37.687496,-42.781956
885686,53.895847,-58.42472
567780,57.432907,-41.545708
4015455,-36.730198,36.755726
6876017,-41.678867,72.4737
5290753,29.946442,-16.190594
1372227,24.234278,-93.20162
1372197,38.697083,-51.621525
5613485,-16.979689,-57.87239
4376195,34.65836,-15.762394
5290767,24.409273,-40.32611
6064978,13.756136,-54.822186
663908,37.097332,-91.81608
5613463,18.826426,63.015755
5613496,36.97905,-40.165154
4376158,11.517544,-34.18576
1532779,57.513187,-3.025843
1372234,31.907393,-77.98657
398847,-37.118835,-43.181927
6327218,29.222506,29.003801
4658158,7.775926,-51.80166
5613506,-8.637787,-4.283948
1372175,4.234147,-65.546265
964541_03,-10.712627,-0.41220197
809912,15.13161,-68.5189
745337,14.739125,-67.278305
1532808,-6.745912,-75.118454
6876035,-18.568962,-44.97201
885090,-38.85913,25.063383
5290743,-7.143756,-1.379329
6064943,-17.909986,-82.21528
6634159,-3.745589,-25.653147
6875975,34.600952,-52.81226
4376206,22.363506,-68.465645
1183821,45.025635,-54.501953
1183788,19.348875,40.731583
5290727,77.39876,-12.042096
964552,13.830745,57.8231
4376210,1.1302316,-14.455997
5613469,-12.655504,-21.941227
5290747,-18.738638,-33.292553
809890,-14.262785,-2.23264
1532823,44.123363,-72.20597
4015492,24.567883,-66.09467
6634122,-29.099058,-21.863228
5613480,18.14969,-30.884087
6875963,78.08547,-14.834564
6634129,-26.772812,-19.72117
745324,60.336185,-31.957697
1183824,-14.651439,-63.09984
745290,52.613194,-47.234097
1532140,9.628644,31.30242
235201,17.447962,41.08511
480812,16.505356,-55.631256
1532852,62.80606,-33.929096
885721,20.092863,-106.04498
6064937,-56.72172,19.285734
4035755,-9.879501,33.523323
6876019,17.48611,16.719007
885678,-21.139559,-9.439417
1183786,70.13887,-22.391134
745285,46.64499,-86.51319
5290769,16.629742,38.309624
809936,30.002039,3.2373056
4015482,40.5463,-19.132853
4376199,33.20261,29.265915
4015466,13.373548,-27.2884
1173152,-38.99944,62.49901
346320,7.8132343,-70.093
1249026,-32.707493,47.019325
6065004,22.631386,42.45441
398864,-20.58237,29.642775
6065020,15.243976,59.676945
4376138,-70.60158,25.454771
964494,58.832207,-24.753534
809889,4.4497495,-58.468395
6065014,3.8432887,78.39072
963286,-19.414536,2.7498794
5613455,0.9805783,67.111786
5613458,-29.708895,88.37115
4035754,4.4300165,98.5501
4035748,-17.25554,103.168335
5613484,72.03449,-23.239351
729561,-37.34777,40.331596
5290712,-37.658684,78.85641
1532845,64.364555,-75.77772
7042483,0.29025725,34.207558
1183801,50.51402,-98.85688
1382899,-37.93782,60.55886
6634102,-70.7918,34.642235
4376142,-44.302525,31.798136
6327214,-59.8939,35.426495
885740,-39.900494,29.585531
6875971,38.835197,-34.769585
4658143,-41.447388,63.40147
1249012,-64.99672,49.531033
745292,16.690767,35.167377
6327266,-14.83962,5.64902
4376203,38.556324,-6.646805
4035764,-7.9189982,12.724695
4035741,-29.953743,47.3551
6064979,22.774668,32.581768
745331,73.129944,-39.190445
480813,51.425,-104.08088
4035745,0.06238563,69.902
6327289,-70.02884,41.933872
885093,-8.755044,46.192654
4389004,-54.016277,81.89765
5613430,-76.34288,50.358276
1532804,36.885258,-6.976965
175795,-0.3160983,35.57768
567796,-2.4861639,22.38866
5333564,-44.612076,100.62727
5290711,-0.6746559,105.60422
6064951,-13.4970455,22.839827
5290739,23.800138,31.230753
1183784,49.079174,-86.64465
7042492,-58.232,78.43357
809900,56.728226,-75.33958
6876050,-4.7408423,72.490395
663876,33.01185,-11.659018
745327,28.140024,-106.13602
4015451,40.61379,-44.32064
4677364,-9.463785,99.90759
398878,9.179762,9.857407
7042486,-63.30289,31.33794
6327270,-30.605503,58.45201
1250358,17.907707,-77.40757
5290697,-28.873926,31.00234
6875994,-16.957811,70.07891
4015427,-62.38819,25.447403
5613426,-3.3546257,94.489174
5333893,-30.017902,61.668743
885735,33.79752,9.349151
6875941,-23.322292,-3.8611712
1532847,29.820364,-23.615524
1382884,-30.364838,98.6674
6876026,-41.61328,71.927315
964518,17.839937,-79.41512
175814,5.4139013,1.0241393
6327247,-52.45115,52.892334
398880,43.827633,-29.508194
963281,-27.649734,46.332123
235204,10.945424,8.319681
5613454,-2.9103005,73.39956
1372183,-20.889671,-60.190666
5333248,-53.3918,80.449036
4376194,30.335976,-20.721077
1372237,13.24095,-65.95525
568138,19.464588,-55.63983
1250409,49.99715,-92.37871
6634092,18.78901,-11.9889555
809934,-11.331923,-48.812572
4015485,32.347275,-102.83503
1250368,42.625103,-102.70679
1372239,32.446083,8.62969
235215,6.5680375,20.851944
4376184,32.349915,-104.69643
6634154,-16.455973,67.10592
485144,52.302853,-41.732143
1183800,48.625317,-100.279945
1250383,10.179101,22.165075
1250356,23.717701,-78.17237
398860,16.72013,1.7646552
146377,4.678609,-66.83258
5613494,-2.4539068,-79.11619
175821,32.56657,-6.4038258
1372186,30.056786,-36.555008
663878,9.527948,-74.832825
146378,35.09735,10.707867
1372203,33.159836,-15.446589
1372231,38.30127,-20.739025
885089,-43.5803,41.66636
6064953,78.65347,-8.25011
346329,54.360504,-44.22962
6634161,28.849852,-15.291979
663859,56.560474,-40.919106
885732,12.97347,-67.089775
6064966,28.408796,-16.913473
4015491,24.655146,-68.889946
1183814,28.325172,-93.10136
5290779,25.067263,-83.75573
4376201,0.41274992,-5.9862404
1183765,33.819225,-100.00092
809917,48.667877,-50.950478
1250371,44.482124,-89.36514
1183811,55.38933,-30.25862
964541_07,-13.16445,57.21227
4015458,-19.50962,-62.91304
6327221,36.377182,-38.68049
809873,-36.08481,-6.3442984
4658168,14.179236,-23.390139
5290772,16.58949,63.93565
559211,-4.6580496,39.782383
6876031,-13.788023,-32.339417
663894,38.038586,-47.307823
1183812,12.054177,-46.27701
663857,47.111584,-11.318299
964545,58.780365,-61.02408
4658181,17.98173,-35.328102
6327237,-16.684414,-82.93289
6634123,-27.016788,-23.050264
885095,-20.561737,46.82084
6875993,45.055412,-44.94853
1250387,-13.099429,-47.81491
1183822,63.622303,-40.813442
4015443,23.449928,-22.0788
6064954,-12.851721,-21.36742
663899,58.129124,-29.54414
4658182,24.666235,-38.647263
6875973,34.779556,25.916384
485145,23.955992,7.3667426
809930,-11.802732,33.61159
5290750,27.748371,-64.13076
6327238,-20.696209,-41.136326
480794,-3.0594761,23.138689
1382908,-28.677738,51.580555
1183795,21.353783,-17.939266
1249017,-67.51803,51.494564
1372177,66.71308,-28.40614
1249031,-30.896318,87.91279
4035749,-44.577744,87.74561
6327280,-21.117327,82.267395
6064967,71.1002,-7.879899
1532854,11.088269,-26.253153
729566,15.268962,43.157356
4015474,32.714245,27.707691
4658177,16.312727,-40.613426
745330,-3.5145016,37.531906
1249022,31.526585,30.759926
5613490,-9.138435,-67.1002
5613505,-7.2271633,-4.064548
4015498,39.688904,-19.45205
1173158,-14.837136,51.615704
6102445,-37.83664,104.18365
4376176,33.963257,-52.341362
4035756,-45.316124,46.733967
663926,52.1745,-27.235136
5333895,41.869434,13.497315
6875953,20.0434,-16.854483
6064993,-13.922845,85.64368
5290721,-39.15348,8.538086
4376139,-56.098553,32.96009
663915,14.240126,-69.48522
5613504,54.63093,1.7066127
6634133,38.885235,-36.15448
745351,-37.058483,31.23222
6064948,80.23898,-8.45969
5290733,-5.6850905,-82.26964
6327217,23.306665,29.93734
1532131,-18.510302,59.674625
1532144,-60.736137,28.395906
636794,-6.307839,39.95397
6876045,-25.022709,0.13189739
7042479,-36.39656,9.381254
1532149,-55.88247,29.409456
5290741,21.077171,33.4391
885712,-10.535836,1.3696232
1372192,-16.24933,-12.673163
885677,-36.244717,40.334934
6064989,-30.83764,16.372374
6876044,-14.774067,56.857918
6327295,-51.77181,48.736065
528697,-40.989082,40.464054
4376130,-15.725903,52.829773
964510,21.122023,41.08876
6327260,-38.787518,78.61017
801854,-5.7949586,85.78315
1372206,19.37547,-18.114212
6634197,-45.300846,77.73208
5613424,-20.84529,51.175858
4035750,-52.58956,36.15148
6875970,-0.92033404,93.878975
175790,-20.370834,30.379787
5613445,-25.718916,72.833694
6876023,-21.223495,83.47419
6327255,-6.8956823,16.238605
5290771,-15.9613695,-8.958613
5613427,-7.367318,61.216618
6327269,-18.086723,81.305275
6634094,1.7811404,80.141014
4389002,-61.068764,50.47496
4035757,-39.076454,90.89433
6876010,-6.519141,85.73154
6327257,2.3069103,80.86197
1249027,-19.347252,40.18421
1173150,-65.37132,47.865273
663928,6.5438213,9.111467
6876009,-12.737815,23.55496
7042496,-14.509191,100.77778
6327230,-17.454966,-2.614741
809919,42.30543,-7.4851184
6327209,37.964497,-7.4374247
6634145,21.19326,-23.660566
809918,69.68489,-39.310852
6634157,-44.849297,54.68547
6327267,-12.882053,85.11248
4677357,-8.998946,34.365265
1372229,18.974775,-104.13761
745322,53.04456,-98.280945
1249028,-18.16105,100.219444
6876000,-13.085277,77.282715
1532132,-38.33664,60.03995
4658161,-69.358795,57.550667
4376183,42.0864,-73.40859
809868,34.00498,-107.42715
1250360,19.504915,-79.19334
5290690,-14.583315,73.63301
5333880,-31.86717,69.8407
6875915,-23.403618,85.7654
4376186,-27.304071,-3.9761732
398868,45.058743,-84.76479
1372238,22.514542,-18.905176
1183794,34.933598,-107.18866
5613432,-51.976254,50.998123
1532849,17.755892,-88.93841
4658172,45.36438,-69.371864
4677363,-53.095837,54.922523
745293,32.11504,-88.44375
398854,50.91208,-75.326225
1183823,18.193775,-87.54204
809870,29.278893,-105.911194
4658167,-16.52847,-55.405888
663885,52.637375,-35.967663
480810,16.297693,-58.07025
6327236,-18.088236,-80.68903
6651934,36.82398,-23.05288
1250351,24.546173,-29.138922
663896,20.864845,6.1615233
663906,31.530825,-90.97952
663856,14.231332,16.148447
346319,11.966139,-61.78375
4015475,16.982676,62.788666
1372242,-6.9333344,-52.945465
6327234,20.112495,-55.216537
1183759,33.19143,-97.12998
1249025,17.40833,-12.156968
885717,39.631054,-69.660194
745310,-18.849794,-79.32794
1250370,-16.151846,-53.805878
1372241,-10.488248,-47.82965
885729,-4.716245,-61.246704
480797,3.547073,-68.33238
1372184,28.114697,-50.03554
1183827,20.91837,-1.2624652
6877722,29.012505,-26.447674
480804,34.70835,-8.28089
480807,31.015928,-74.329475
568117,22.547052,6.8770986
346338,44.56221,-17.391836
885733,31.509342,-21.33068
1183768,34.856224,-108.855515
4015426,3.6270463,41.73687
885736,22.332846,-1.3680842
5613478,-9.832792,-43.048904
6634177,-12.1050415,-75.155075
663865,39.602398,-98.77365
1532827,42.825436,13.006908
1372224,-17.134663,-81.69126
4658151,-8.035944,-39.653877
1532816,7.7097754,-77.64548
5290761,45.06566,-18.36255
964512,-16.512363,-76.00017
5613471,38.208122,-9.720686
1532836,-51.178867,17.99293
964525,39.477707,-67.54368
1250419,44.464417,-55.179382
809882,-13.450713,9.59496
6327243,80.445,-12.270829
1532815,-12.409412,-74.30424
175805,11.548773,-59.464153
1183782,20.247147,-99.71451
4015462,-30.534998,0.15839924
809874,73.908066,-34.56143
235174,50.21091,-39.84691
745303,2.525833,41.27926
146363,11.887375,-1.3080078
964514,-13.65267,-76.13219
1532809,-11.349917,-74.267525
885720,39.53912,-68.73264
885709,65.53583,-75.88221
1372223,-31.852873,0.5404502
809887,-21.04206,-71.03782
1372173,-2.91123,-80.24042
1250425,13.49335,-24.177128
809924,50.776703,-92.167465
4658196,-0.4725139,-45.640007
6327252,-38.20277,9.051394
1250418,-18.863955,-32.145817
4015495,6.393125,-55.661034
4658126,-65.85552,25.035826
964505,34.726994,29.953938
1532838,18.106821,15.159879
1250395,1.4109269,-41.93801
5652478,-56.138565,23.691315
1372199,21.975962,-82.87827
5613491,0.85960007,-81.74358
4658139,-55.79619,20.04972
175809,-18.569822,9.911956
398851,-1.4400886,-82.18373
6064957,33.78477,27.685137
6327227,17.120043,-28.414757
4015468,10.417012,-38.886517
6875936,53.13484,-78.079384
1532812,2.5615025,-44.808712
175796,-23.677202,33.894474
6065023,-21.74881,49.147106
6064940,52.973522,1.935105
6327208,71.543434,-11.1403265
1372207,1.6326127,-15.567702
4376170,-6.0655704,-44.17211
235225,55.62041,-42.315613
1372211,18.671535,39.83468
6876005,-39.074295,9.535822
1250381,55.236893,-60.47653
5613497,-5.5096807,-30.8002
1249010,-30.458313,45.79591
801867,-16.634079,34.842033
663914,-47.43155,17.938389
7042478,-14.0093975,58.26083
1249004,-38.19775,64.79182
636788,-11.347461,44.420082
6634139,-51.547512,49.664845
663890,20.758331,4.372318
4388994,9.441589,48.338516
663889,-9.652347,45.471466
6327235,-29.776634,-27.741415
801868,-51.12897,33.316753
6327276,-27.387333,78.82014
6634162,74.313736,-18.566238
4015445,7.242472,59.90012
5613441,-16.022772,83.78004
1173144,1.4970088,41.13954
4035753,-63.872974,48.301136
5613477,-17.856682,-42.25307
346316,-2.0636523,36.74401
6065016,-32.551975,87.185646
4015423,-29.799698,51.91886
801862,-4.5240655,56.64128
6327264,-22.27328,50.60102
5613434,-8.524915,80.008026
7042491,-36.066235,-4.0680137
6634109,11.154971,22.880407
1532127,6.693083,59.98372
964541_09,-41.029873,49.25678
4389007,-6.8393703,56.185333
5290716,-34.539864,52.43911
5290765,-22.110487,-70.86021
1532125,-40.47075,49.538357
6634090,-58.99687,36.042603
6065006,8.282686,34.209156
729553,-41.14287,29.021921
6876028,-10.983508,69.2698
559228,-50.5633,32.709442
5652890,3.2734814,98.87303
5290700,-26.152536,80.18864
1249023,-12.099071,73.54176
568139,51.980846,-25.822184
6875998,-76.55141,48.97172
885087,-23.638906,51.305756
4035763,-32.594296,25.853945
1249020,-6.069368,56.555145
1382896,-10.80058,92.34754
1532146,-8.723891,47.36987
568140,56.6635,-45.938503
1382897,-29.163095,85.99857
6634194,-59.344776,22.464148
6327286,-28.522968,85.251785
1183806,-22.580912,9.990793
6400492,-58.95815,70.035126
4677359,-52.90667,81.13194
398883,-3.4116912,24.028162
6064992,-25.724236,72.05308
5290723,-40.27868,83.88263
5290691,-32.79366,61.89789
4677355,-28.741283,47.03423
346296,62.065117,-69.87147
801869,-29.836208,57.3521
1249013,-65.798485,49.453453
6400554,-5.9465866,68.21789
5333919,-16.035166,104.48567
963284,-33.136887,40.56572
4677360,-42.956154,100.61315
567745,-36.02801,44.639282
5290714,-37.192856,88.96779
568114,34.98288,-70.56683
6634098,-34.158253,73.39333
6327246,-23.824461,92.83271
528690,2.6110306,21.70047
4658186,19.308323,-15.044025
663862,4.579222,0.13527986
6875942,1.9285368,101.17631
480793,9.053688,11.251477
485156,56.11337,-44.98166
1532798,51.873394,-98.23741
885706,41.04974,-73.38652
5290729,18.904999,-13.703069
1532829,35.625843,6.204867
663863,48.778824,-99.1096
964526,52.820763,-58.98095
1532846,25.795359,-29.278816
146362,9.382645,0.22630194
1532806,36.56106,-75.74124
567602,17.998383,-101.746666
663911,71.62666,-39.20828
485142,34.69332,-94.18638
1183819,43.48382,-8.142627
235196,64.37025,-73.02581
1183805,66.398605,-33.831985
964513,7.6296744,-76.581764
6064963,20.67652,-22.679127
346297,27.995749,-52.24832
1250359,22.6935,-102.31601
1183779,-7.6670246,-53.26977
568128,58.948257,-72.9214
346295,35.039078,-71.61713
567603,8.404486,-75.543594
663917,23.634502,-37.401447
1250382,-7.1121483,-53.998108
5290730,5.109857,-40.524746
745326,32.899067,-10.466727
885691,45.06232,-94.311905
398895,5.198394,8.16168
5290778,-1.4002485,-46.550915
175778,13.73813,-58.92599
809893,31.989534,-10.89603
6327241,-0.03102426,-50.494045
964501,46.34716,-90.22042
175770,50.25869,-39.01097
745347,28.916813,-50.33266
745313,36.621548,-90.6752
6876051,29.040874,-16.163836
6064973,49.499893,-47.51799
6327223,-21.69426,-60.558792
6876002,-1.2488478,-57.911057
809884,58.426178,-68.53631
6064949,-12.31564,-65.32204
235189,12.723091,-59.691242
346310,23.691734,11.897833
964530,15.947742,-100.80212
809901,27.2945,-91.88817
175777,12.632765,-60.8138
663927,32.86602,-96.23443
5290774,-0.4448684,-53.366154
567746_2,56.298233,-76.676285
663891,33.69302,-65.5725
885681,25.379923,-84.64198
235197,12.305164,4.136318
235207,16.237394,5.916754
729554,16.440212,-12.393592
963291,-75.71804,52.02737
5613438,-47.432835,71.065
1183780,32.107796,-20.302694
663880,5.6672463,-64.94044
146395,13.519569,-36.91897
6634120,-1.800486,80.766205
6875931,-26.570164,-52.21873
1183807,30.2906,-79.09593
398879,-7.513456,-54.777653
6064944,-16.532597,-47.264576
175837,28.15182,16.182724
6327287,10.114092,32.05773
346309,26.983301,16.158005
4015438,11.712486,60.32844
1532828,41.873917,14.891646
885725,-14.008614,10.538313
4376190,-4.230999,-68.96572
568133,19.514982,-63.45208
1249005,-48.315247,72.38952
1183763,-12.209974,-27.525936
7042481,-11.3452635,21.309816
1532787,11.190443,-45.430622
4658176,-19.920324,-61.89845
964539,-13.96869,-31.869022
4388991,13.250631,47.07297
398867,45.42482,-17.268303
964554,51.714333,-3.9805694
801855,-59.799892,48.820698
6327263,-21.158743,48.203094
885734,-29.42057,-0.06989564
636784,-25.729046,41.169315
1250417,-23.286533,2.3743
729565,-38.454403,36.96009
568109,-12.735449,9.5598545
4658132,-11.019593,53.55984
6875962,75.9193,-23.786858
964524,27.29072,-78.9514
4376207,-13.695032,-37.233967
885731,59.62535,-61.87186
6064982,29.200937,-25.498081
398872,17.929228,34.4081
6888482,-31.086536,89.303055
4677369,-54.86259,59.7448
6875968,-49.410084,50.691814
559227,-2.8687606,104.3124
6875988,-21.5843,76.94593
4658200,-54.27698,20.484453
4035758,-37.607574,92.16203
146388,12.519257,-0.9947599
6876007,-27.021502,-10.988237
963275,-67.223656,52.006325
6875961,-48.737766,48.67788
1250380,51.739784,-61.59503
885096,-0.6388506,48.090023
729562,-3.6983602,22.334263
1532774,50.690445,-5.2170467
6327253,-25.62408,80.94057
6634112,-9.085335,75.17726
1372178,-45.1569,52.17277
1250369,-14.006282,-44.40058
6875965,69.128174,-22.205427
567609,47.263226,-75.81242
801856,-11.251092,46.978615
146389,-19.317474,29.671434
729569,-50.20823,33.41749
801857,12.990698,62.415924
5652926,-55.03525,82.1112
6875978,-15.410801,87.627655
4376182,-18.461855,-30.773394
4658141,-30.860685,64.360825
6634121,-0.64780533,82.51476
6327256,-49.951706,65.22455
1249019,-51.49913,36.21549
1372180,16.452246,-51.514057
809916,17.058186,-89.56303
4389010,-11.016767,53.96165
636790,-3.729548,56.202484
6327210,38.72031,30.291584
4035743,-30.507992,26.95748
6327229,54.481674,2.986707
6875977,-26.591915,3.448146
5332595,0.9612863,99.07382
4035744,-47.14772,93.07398
559229,-15.551397,56.240437
6064999,-29.382835,56.545162
1532820,-35.565018,16.544722
528684,-2.8242228,46.568207
6634176,-42.71117,93.51531
235221,6.3952975,1.41783
6327249,-8.273024,80.658615
5652467,-68.84598,29.367683
5653599,-34.721996,103.41185
1173142,-11.569695,43.751907
4388996,12.398643,48.65703
1183755,34.245937,-71.32801
6651935,-48.842808,88.68456
5613428,-8.452598,65.690414
146382,5.84226,4.0115485
175820,-18.218292,80.56122
5333245,-42.69964,91.33702
559212,-33.320454,42.96958
485151,57.63132,-45.82183
398856,12.627144,4.8448915
1532786,-12.847978,-1.6594799
346291,29.840366,2.0564609
885687,52.117516,-60.733402
4015459,51.834984,-58.41158
809899,47.42693,-104.20134
1183829,69.36582,-40.195377
964543,42.576626,-8.319096
6634086,22.31868,-35.21829
885692,-2.4108334,-46.411858
964546,34.294586,8.3895235
885718,37.540154,-86.1098
175812,3.6703103,5.3639464
235229,37.532757,7.4547124
567812,46.037533,-73.366714
964523,21.257946,-106.58285
964497,37.45146,-87.01565
235190,51.848354,-75.72791
4658135,5.5298257,-28.56444
1250407,47.85242,-86.47903
745344,58.264145,-73.80445
745286,37.820225,-85.25462
6064938,35.943607,9.443079
745346,64.49766,-42.20075
5613481,18.859335,-78.31374
146397,8.765031,2.6750185
885728,64.1631,-74.06406
398901,28.712395,-52.323425
480790,22.996641,-37.34879
1183773,45.100876,-70.617325
346342,-74.438156,20.687433
1532843,37.28401,-8.112269
480800,19.042883,-87.499504
568149,64.155655,-41.560543
568120,40.98069,-7.4667826
964535,45.122314,-93.659744
809903,37.916294,-84.231895
885722,21.753681,-107.15786
663893,-10.422006,2.4693935
885675,14.708765,-71.05801
1183787,5.8212857,-40.401085
809872,6.6792955,-76.38019
398899,28.944244,2.940672
4376177,17.204433,-76.70914
663903,55.563145,-76.0401
398911,3.0566316,5.076377
745305,54.742706,-76.42352
235206,-46.55936,44.389378
964511,-16.632208,-77.37426
1250398,18.98475,-102.89074
663851,53.31702,-61.493114
745320,33.412937,-13.339981
175772,48.951912,-36.74706
1183809,26.175043,-80.79512
346307,31.707197,-70.5664
398882,33.11721,-16.899675
235213,27.313358,-72.2068
398862,10.582573,-63.276268
346317,-9.450526,12.762367
5613503,-16.124342,-2.5168405
1183753,37.39889,-22.074852
964528,27.182415,-105.34939
745343,22.921515,-61.219433
1532785,6.1519685,-55.963264
1250416,5.4250236,70.39268
485155,-17.361454,-58.406322
6875960,-47.854885,71.685555
885682,21.850368,-90.93298
5613465,77.76522,-7.503844
4388993,13.117274,45.578323
885713,39.148045,-104.29504
6064974,-21.387268,-32.008446
885742,66.779816,-34.02715
1532822,33.200478,-18.481218
885674,13.878027,-70.84044
146401,64.659454,-11.176913
1250355,33.94924,-76.35308
1532824,26.565866,-104.58787
568146,-45.23168,26.143421
175833,23.289824,11.608338
4658185,48.500187,-1.2302595
1183752,29.438818,-24.614182
7042488,-45.14077,26.434755
6875939,77.13853,-16.60555
175781,64.27178,-11.269765
885726,-2.5430548,-63.25807
6634097,-50.54443,17.39037
1173154,-39.863365,-15.865558
146398,14.077453,17.149887
235198,-21.2437,46.042633
4658180,23.374008,-27.579845
745336,59.319057,-60.04026
4658162,17.735027,63.60744
809876,44.568798,-97.02217
346318,35.605255,-4.6004553
1382898,12.29037,37.33601
175792,-32.305126,-25.60785
4035746,-45.048603,78.88695
809927,-30.200338,45.008633
6634175,-3.9367476,-12.240928
346314,61.02495,-29.28119
528682,-7.4469967,39.530334
963294,14.793012,43.892498
1183816,2.4749234,29.613287
568129,15.021698,16.94871
6064941,37.98788,-34.40147
885099,-35.578514,36.564514
6327296,-21.349442,21.480827
809913,59.423042,-59.398403
6102459,41.184116,12.708286
567610,-74.68315,20.990536
480808,33.89319,11.84173
5653587,-38.256565,104.883354
1372233,33.970013,-18.296429
4015456,20.77968,5.286318
1372232,-23.27119,18.558302
1250365,34.547886,-91.36956
559225,-7.833766,39.388348
964549,58.10845,-3.8023515
1183775,3.531853,-65.03297
663900,14.370384,-55.72653
1173163,-42.283504,38.2219
1532130,-26.726784,78.02473
1250415,2.225599,30.046623
6327211,-18.658384,-28.001818
4658179,57.170006,-66.96784
5290773,-24.581612,-52.58279
1532837,-48.243835,17.567312
885105_1,-2.4591568,23.803522
663921,59.12673,-71.63017
1250411,-10.813964,-29.569118
663855,18.927183,28.373753
663922,-4.2275386,36.774536
4388990,-65.73227,38.205685
6064984,-19.565977,-31.90142
885738,66.819145,-25.544415
963282,-44.14753,41.314857
1382910,-68.8368,49.24605
1532825,3.1105883,-82.00814
1250421,65.08839,-24.623343
4015428,-55.67246,33.756153
235230,17.19517,-46.72847
4658157,38.16973,-37.484726
1173146,-74.1687,53.274845
146383,16.96959,39.452644
6875916,15.213596,-4.7800255
5613433,23.233953,38.94387
235181,-15.837224,-60.680367
528693,-34.3288,55.835415
5333428,-66.41901,40.201317
729557,-36.320137,21.758623
4376135,-67.28514,25.943792
885094,13.836321,62.370743
801863,-2.7969508,46.125538
6875927,-5.999784,76.37658
4658199,22.069202,33.02177
4035742,42.942757,-49.863735
5332596,-35.32662,9.298369
175802,35.675514,-70.90381
398873,25.9434,15.562698
6400484,-53.180073,82.912834
5652450,-68.20549,65.10906
1249029,-23.82103,102.17226
1249018,-48.542233,37.065323
4658150,-5.3386803,98.16058
4015434,-35.71417,67.80387
6634118,-66.437515,56.528347
6634131,-75.854935,48.660515
175819,11.863014,4.6627126
663920,16.220001,-11.568634
568145,16.6837,-88.95213
568122,31.418121,-87.91545
346336,32.167034,-87.637115
1372210,51.229107,-60.915005
4376148,17.16353,-11.250818
235195,6.270624,0.21774149
5613464,65.6504,-74.8384
146368,66.319435,-75.3517
398894,57.439396,-46.597874
4376161,-12.859833,-2.6714532
663919,30.607712,1.8101481
745328,47.41847,-103.755554
235177,7.725421,1.0243349
568150,5.283195,6.0917053
398904,62.27279,-70.67544
1532840,21.231659,-16.8674
1372218,69.98975,-40.43153
6064962,18.476435,-17.495798
964547,8.537045,10.858289
4015429,5.8952312,-28.670021
1183804,34.80319,9.000172
4658189,48.51704,-87.27413
235200,6.977592,8.536567
346339,21.923254,-35.785774
745287,18.018824,-101.13165
6634117,18.24749,-15.833386
885700,46.87933,-85.77169
964500,20.851345,-105.44477
346337,41.525837,-72.4531
964553,19.17492,-16.272131
809875,40.93747,-103.53819
964564,33.917362,-61.172836
4376162,-9.797317,-3.6490834
146379,50.80199,-103.54428
1372205,23.186102,-102.55821
885710,63.47095,-72.92161
235188,63.01805,-70.10842
964563,72.632835,-39.83787
745341,5.184312,-0.5590397
745281,44.620136,-73.07243
175787,12.590962,14.482038
4388997,10.462329,47.104115
663904,28.362257,-104.987274
885104,33.927902,-11.635017
745321,-11.096517,-49.268734
1183792,4.119535,-68.33475
398896,62.955666,-68.78741
146370,33.277557,-6.147728
663923,35.09883,5.7214556
6327219,43.97341,-46.287746
1173147,-76.246994,52.14069
568104,15.1271515,18.11821
146392,30.865887,2.774305
235214,5.4683743,-66.291245
6064981,-20.376518,-50.14374
235191,51.658432,-103.24176
480799,49.94092,-99.98679
480820,45.207504,-72.211426
1183817,5.2202015,70.37727
398858,6.11951,20.120884
4376211,29.866781,-36.880104
729559,-40.409897,38.208763
964551,36.187233,-51.21845
6327207,69.00928,-8.105034
885102,-65.73879,25.645388
346341,17.475645,-51.94068
885101,-40.907726,37.889362
346294,-19.733093,-78.21548
1532135,8.180456,47.37752
964542,-5.217837,-61.873173
801864,-36.655136,36.027073
485152,17.375696,-78.956825
809898,70.219666,-29.539454
1249021,-25.851763,40.67571
346298,13.589054,3.4343548
4658190,27.882605,-80.50079
809929,19.036842,1.1255538
146399,25.45878,16.742952
346306,-10.177808,-72.81186
1372222,22.685358,-31.581259
5333917,-20.552805,9.419296
235224,48.143097,-13.570723
745323,35.58192,-64.20062
568134,-5.5808134,-61.262623
146374,18.161055,34.963253
1173143,-4.0920258,39.57611
480816,-18.539915,9.58022
146380,44.70127,-16.548336
485147,-42.05436,32.57707
1250410,3.754637,41.00063
1372182,11.064616,-26.656984
663901,26.146814,-92.693214
6876003,-43.337105,61.247105
485157,3.3142738,8.331793
146413,9.732284,-62.29517
885744,12.179351,11.7265415
745338,12.513662,11.256435
6327231,-0.98924273,-49.79948
1183813,46.233757,-32.386406
175811,16.244541,-40.49395
5332610,-12.048317,34.043365
146390,26.44251,-67.76026
235175,6.8765144,20.123346
6875906,4.1781874,78.28222
745334,14.105813,60.77514
963292,-62.19779,71.72619
235212,32.56587,13.104486
5652895,-26.181776,-9.089498
235194,19.554617,-27.439882
6876022,-25.418877,96.115974
6634191,-5.4321704,76.26806
4015472,5.7880573,-48.076733
885693,-9.743401,-29.420738
146416,-11.59327,-11.382309
636782,18.520441,26.726534
1372240,18.751797,63.954536
175791,-24.151556,37.283188
1372215,74.2119,-34.176834
636787,-45.812725,43.960373
801865,-34.197044,9.059049
4389012,-17.784433,102.966965
663913,22.081676,-62.43889
6634144,27.528757,-88.714516
480814,-63.05016,49.167217
568144,30.317186,-69.86919
146369,-29.717138,41.811817
528680,-29.971537,-5.9921603
1173162,-20.38936,23.115515
4677367,-72.597664,41.97833
1249032,-24.937105,102.44898
485158,50.55119,-52.956543
5290693,-11.021825,69.46368
346328,52.875435,-47.28874
6327224,37.563995,-40.295906
5613446,-30.058159,76.5466
4015430,-28.564417,51.01606
885672,-17.62378,-49.114193
636785,-12.750697,47.72125
801861,0.3667537,22.199373
745306,57.774395,-29.748346
6634143,-23.109974,83.505264
5613466,-57.92403,37.170742
885727,-23.060911,-4.298014
801852,-41.57447,7.458586
1532137,11.465646,33.538128
4015457,-11.826667,-11.932839
1250392,0.016114539,-42.824684
1183803,21.693094,37.782806
885103,-45.08637,44.098618
346322,-21.51968,20.325132
885676,-15.677832,16.703598
528694,17.886919,26.9691
745350,21.434008,-62.727573
6876021,-28.75908,33.214935
809923,14.659687,61.98103
146372,-3.5861056,41.22592
