36,85.55015,11.964871
1136,0.94748324,-91.71142
645,2.1422,88.87701
1680,-92.61789,-14.948628
291,80.89163,-18.195038
1369,1.4109213,-90.55204
396,67.82579,-4.188314
395,77.23136,6.303449
823,-0.56550914,87.82676
415,87.872154,5.5042624
1886,-88.23398,1.0809702
120,66.601746,-1.792713
747,-12.347938,101.88063
184,69.92895,-1.032931
1505,-88.766754,-15.513324
1842,-86.97613,-12.126586
1486,-14.247925,-99.82137
1663,-103.94706,7.6583347
1030,8.632193,-87.34675
556,-17.69684,99.8494
1368,0.24827208,-115.06142
1870,-79.37288,-9.108281
1904,-71.58769,0.98054206
1275,-1.8880966,-111.43188
667,-3.6237864,77.87466
967,10.939749,104.836555
1162,10.500818,-98.7551
621,1.613122,92.86448
1909,-92.359116,-2.8343897
31,88.53996,-3.663867
122,94.79081,5.321254
1510,-101.0546,12.826009
0,-29.033916,14.65661
421,74.84635,9.99359
716,-5.792088,93.783005
1476,4.3665857,-101.945656
1173,-6.951725,-109.55169
321,88.31605,13.200063
1837,-87.21692,5.1683044
766,8.953267,101.631744
653,-10.088107,106.58346
738,0.84753543,107.26461
1009,6.48414,-96.21341
209,83.64963,-5.983364
280,76.230865,-3.9653125
1932,-78.41224,3.2267392
1033,11.152651,-110.3269
1005,15.84557,-100.666016
1944,-81.370926,7.036107
376,92.14251,4.434605
425,88.04985,-13.405318
1316,5.8500233,-99.08941
429,79.350784,1.6881386
1140,3.033535,-77.531494
1875,-80.46062,17.689054
713,-10.394277,91.13207
442,98.18139,-7.139485
1108,-7.1489916,-109.845245
1528,-79.12425,-8.286837
636,0.46087793,104.737495
1214,-10.714624,-90.91123
684,-4.530706,87.381065
1374,-3.7149575,-107.87689
1460,-1.538767,-97.27745
1514,-96.56884,9.12059
1732,-89.62194,6.4400187
375,76.502426,0.8033735
1077,2.0569947,-98.912674
1968,-95.9671,-0.59867316
84,83.77543,-5.640289
157,91.36351,8.222197
1619,-79.36534,-4.1931567
530,3.6161325,74.50557
55,86.102905,13.682741
661,-0.1719663,81.26034
903,-4.732147,89.72503
1662,-83.290054,12.533805
1565,-66.87963,11.380649
790,-0.91775864,107.42778
847,-13.525956,102.88961
91,70.65005,-0.42555302
1308,-7.4035316,-90.70578
1664,-74.21064,1.663013
155,81.74597,11.326814
471,73.03972,3.5798597
1328,4.074997,-109.61795
1138,19.085745,-88.62329
1964,-99.13761,7.3141437
241,89.37218,12.552626
337,75.34284,7.2259064
1673,-94.733376,2.7038677
1002,-1.1170286,-116.239334
1615,-91.90862,1.3228382
521,-1.9066029,107.93363
288,88.056175,2.1939788
468,84.42574,-7.6508737
1003,3.0033946,-107.476234
1635,-98.448906,6.7074676
1423,-13.393044,-104.94259
299,96.36407,14.305188
751,-2.834809,98.589905
433,85.796715,7.2974653
502,-4.7417173,90.0477
174,84.32146,-8.031401
1534,-78.37432,6.7360964
1487,5.114524,-94.071304
1180,4.5209446,-90.7851
1482,-1.1706848,-94.32083
344,91.31908,-3.9170463
1952,-101.193596,-3.5341454
1936,-83.6744,3.6329255
1525,-80.76889,-4.6707025
719,-13.542218,83.57292
1209,-12.0601425,-86.42133
175,84.235565,1.7785269
969,4.940391,97.021996
628,3.1070223,99.69774
954,-11.6599045,90.814674
506,-16.888783,86.66684
1637,-100.482376,-12.580999
640,9.418315,101.17254
19,98.48856,0.14472991
1456,1.0993632,-101.4477
1452,13.205103,-106.92513
1867,-69.441605,3.4316475
289,86.18918,5.349347
1277,-2.8134634,-103.679535
1590,-84.07407,-6.167849
1082,-9.261856,-99.22193
1811,-73.8012,3.9476643
1771,-84.05507,15.170279
1496,5.762754,-96.23551
825,1.6265559,90.26369
445,81.82236,-12.673903
965,-2.3835304,82.33084
1768,-80.11694,-13.937993
1883,-68.72645,11.61067
702,-2.4042609,96.862434
568,-6.982995,79.31783
1461,1.1795492,-95.40918
1692,-81.20737,-6.194721
691,-3.0701616,98.972
1154,2.609195,-84.59667
1905,-69.93892,1.4063643
20,74.46882,-2.5834506
474,76.02308,17.848145
2,70.57945,10.097904
1713,-90.1776,14.7607355
942,-5.4530783,98.43293
1540,-70.07762,6.7265143
1245,-20.010231,-93.65571
951,-7.15596,87.15727
1799,-76.418076,0.50026226
1181,-1.9263184,-112.66819
980,-7.3316975,111.99782
791,10.860145,110.02345
1432,1.739811,-77.83765
1135,10.73298,-85.330765
1778,-96.12619,-4.9264784
268,103.87576,6.9146566
1728,-74.66708,-13.197229
117,89.38166,4.563015
1580,-79.6911,4.4183273
1564,-78.04129,17.509521
1786,-84.46745,-9.843085
1515,-99.68626,1.6311846
1628,-89.03832,0.9518541
152,78.14763,-10.794326
460,86.87313,-10.932309
317,92.189,-7.9129176
484,65.230934,5.6369357
1285,0.95608217,-90.86633
370,88.23864,-5.5641203
1130,7.735684,-96.65819
720,-1.4855784,87.57365
587,-3.7804768,100.90061
615,2.3700616,106.65134
725,-16.167412,83.52481
1326,3.1641562,-86.90809
1426,-1.0171299,-108.02505
76,85.56429,-4.8225546
937,-19.615574,90.51817
1469,11.270157,-94.77281
1179,12.409513,-93.503914
759,11.675156,114.9149
1255,-2.9565449,-100.314964
1325,15.757355,-89.04417
1601,-73.70056,10.496565
843,18.45733,87.880165
1307,4.76196,-81.51481
1830,-85.76134,-1.7024825
664,0.5967767,100.58835
1852,-92.97336,-1.018996
864,-12.493392,98.25213
1392,-5.5728083,-92.48277
534,-1.2872585,94.5127
559,-0.001585745,87.87969
889,3.5143807,99.87333
932,-9.765432,100.72236
180,92.7712,-7.234544
543,-5.6965485,92.43682
283,65.66095,8.343162
583,16.72718,104.16571
697,-3.2428715,116.010315
724,3.5717127,99.378334
271,89.22787,-9.086055
1437,7.1006017,-105.04131
675,10.2487,107.403694
607,1.9929377,80.24958
1504,-76.93724,-5.847759
220,70.49581,9.995226
696,-3.2224395,93.55626
204,98.76745,1.3642578
1877,-74.5257,-11.646348
315,91.162125,-6.3830237
1244,-6.031025,-96.28715
1333,-3.5178668,-88.263435
1441,-5.3194366,-105.81929
61,74.14999,4.4471226
991,9.496792,95.82523
813,-3.2875967,101.48459
1636,-84.2544,-5.075672
412,85.674614,3.5148244
1329,-1.4276431,-89.49707
746,6.575854,99.25165
899,7.8419194,106.53046
276,80.01004,2.834777
1208,12.021101,-110.46479
404,77.59364,-13.917517
1718,-86.43994,8.073662
1433,7.4523163,-91.20593
1016,5.1423745,-91.0653
319,75.03528,-15.424301
1362,15.890206,-90.67898
544,-2.7878487,90.7791
781,1.6332089,95.41198
1263,-10.256847,-100.97001
644,-8.84404,84.34323
811,-14.227805,89.01426
1001,-19.902807,-93.71565
1929,-91.097946,-9.792845
865,-8.906038,97.497955
1591,-82.3843,-13.534664
1717,-86.12804,8.040669
1898,-107.09026,-1.6342154
1360,-6.9571676,-81.67409
257,92.4438,3.0073853
1986,-92.000885,-3.6144934
1104,0.6872589,-96.299225
1699,-79.643585,-7.848182
1747,-79.37705,-0.6646722
807,3.807732,91.31295
673,15.272172,101.31624
420,91.48697,-6.06892
1647,-77.909424,2.4048016
1225,-3.6405766,-96.10312
1101,10.381891,-106.37266
894,-2.9510136,106.50815
1128,10.907211,-89.46479
529,-6.019495,100.38433
994,-7.1100082,102.264366
510,-19.148327,93.96792
316,95.38557,-2.6921496
14,80.34043,-4.8912864
248,86.69202,-7.394309
626,2.7804244,88.63866
218,95.41986,-2.7724662
1053,-11.619797,-94.09296
1793,-97.73625,-18.146801
632,12.153364,88.12066
217,71.791176,6.677431
11,88.69317,8.087211
1915,-100.818306,12.835965
710,-9.472695,87.01391
89,94.58,7.180946
347,75.89361,-1.6990786
345,81.41033,-5.571045
1821,-94.26123,-6.6614604
1111,0.5663395,-107.09795
983,-4.781779,106.713684
569,-1.2698097,110.08047
1519,-96.401,14.159582
1377,-14.766822,-111.59456
1933,-77.92637,-9.752203
1063,-14.066706,-95.84694
208,73.889305,-12.811367
1722,-81.13074,-5.44678
1788,-90.23113,-3.7508671
295,70.25285,-1.6999075
867,-8.95465,91.51923
1145,4.5461965,-107.882324
1041,-2.6132982,-90.83922
512,7.9243593,109.40488
100,78.01477,-8.443395
41,94.34829,-10.220015
1414,-3.2853096,-96.88834
871,5.3777466,89.68625
1920,-89.51369,4.5780077
656,8.230913,79.51838
98,89.148895,-14.769416
119,94.98458,2.2275784
150,77.19663,-7.1327434
609,-0.8372402,95.184494
1694,-77.17149,-1.1805719
564,-5.4181128,94.79234
1246,-9.651959,-96.297005
132,67.55347,-8.194561
1583,-87.86954,12.1066475
974,-3.599488,103.816536
1234,-8.055408,-99.48041
467,63.361458,1.2396567
77,105.198685,2.0905735
1623,-75.17043,2.036318
1642,-74.52607,-3.2104592
352,79.29475,13.902455
294,75.59629,13.624726
908,15.803029,107.45171
721,7.9659457,94.60514
1158,3.5213697,-79.18871
935,-5.6732917,97.12319
794,20.276066,99.95442
988,-8.327595,104.929855
1342,2.6955452,-77.43073
1037,-1.4666841,-98.74919
1067,0.20849326,-101.122375
49,81.62457,-3.1831048
8,78.35863,3.9485464
926,5.934633,94.621574
28,94.14148,14.769104
575,-10.049075,95.76485
580,3.5167384,109.72781
730,5.833525,102.76159
1724,-94.47974,-13.839683
360,78.64728,13.207665
1200,-13.083928,-96.24921
948,-7.9500675,83.48523
325,88.157875,-3.3485072
1606,-63.481525,-5.851417
1367,16.803762,-86.48321
941,9.150297,101.2329
1169,15.765827,-94.19699
940,6.642813,84.95661
1327,0.60683864,-105.05461
492,73.77303,-7.592838
1199,-18.219574,-94.15511
27,86.2872,13.954481
428,71.1619,-10.001637
890,-11.716803,86.49384
153,76.77075,17.527035
392,80.793175,-12.585459
1585,-94.27745,9.157291
254,60.622875,-1.3448
605,-13.351878,105.37673
498,67.04556,-3.1334493
1436,2.2101,-117.91837
610,13.661893,104.45214
1779,-62.47747,-0.16550322
1960,-79.90099,1.652215
1661,-75.5229,7.0640273
4,82.62199,-4.3644814
1265,0.25604647,-98.83338
1546,-100.94346,2.070604
134,93.71214,-0.054209515
918,8.092911,96.484634
1610,-83.962364,9.2755165
149,62.79086,0.90023816
285,77.683945,-14.322645
334,85.847984,-9.355555
986,-7.748239,99.40237
742,13.408635,90.113495
83,78.071396,4.237621
1632,-89.13871,-1.2844747
10,96.81632,-6.384145
444,83.40853,-11.632367
649,-2.9522908,99.71864
869,-15.356793,83.32755
465,87.71606,-0.63014066
1923,-73.3313,-9.181585
1919,-94.98901,-6.713714
1409,-5.8196054,-90.275955
1092,7.1714096,-106.89462
831,6.0727644,87.732765
891,8.11181,86.51246
1391,17.300829,-102.279854
179,80.4175,-6.4740705
364,71.26378,4.3035793
1303,4.2243824,-92.72486
109,95.90604,-6.1503944
682,-3.6974142,90.588005
1681,-95.508064,12.12557
1147,17.015081,-97.62368
1995,-72.23533,-6.986871
1201,15.181772,-103.54828
424,73.18821,-8.928084
216,96.00507,12.295026
1825,-67.821526,7.266104
167,86.877754,3.7670388
1871,-76.27668,13.586441
1985,-83.84876,7.2325478
1420,-16.974428,-93.35962
679,-1.266462,91.54186
654,-0.0012038056,91.304695
66,85.62328,-17.344126
1350,-11.46528,-86.6859
1132,-1.7868881,-96.22168
936,-2.476414,75.839
532,-7.578865,97.41589
1032,9.903364,-104.29998
1043,8.523818,-83.8603
1784,-90.24771,-5.043861
763,-5.716774,103.75524
560,4.6533065,100.52723
1099,20.134987,-96.036934
487,80.40891,-0.5542964
1170,-5.2142243,-99.69022
1472,4.5005426,-103.03848
1481,-1.7010527,-103.684166
1292,7.041884,-91.68073
893,-9.418478,102.702866
384,77.677704,8.34677
1223,3.3728316,-96.04684
270,75.69234,-8.384889
123,79.67933,1.5021579
1962,-98.38524,13.07598
1897,-91.39688,4.9918613
1551,-73.439445,8.981745
1987,-84.136475,9.018393
23,93.15409,-3.214887
1563,-88.174034,-19.572165
1408,-13.362337,-100.911896
450,83.413765,0.008802928
906,-8.116888,98.012794
394,89.19765,19.372728
1955,-79.296486,-2.5709383
785,11.989089,105.07155
733,5.0788236,97.67684
1773,-89.57403,-11.737148
1908,-96.54102,-0.16056941
861,-12.356056,96.50279
589,-2.8179379,82.067215
1421,3.138625,-99.90726
774,19.562275,92.38419
1675,-80.284996,1.0051134
765,-9.277682,106.26583
970,4.3098845,80.9425
668,-5.737974,88.53883
215,74.800026,-7.995362
900,-7.743356,82.98254
1282,-13.499412,-92.13255
1677,-101.21919,-8.939141
714,4.0722985,92.338196
400,88.74131,5.8931017
857,5.9532886,90.405846
1394,-3.722659,-87.193306
183,89.48573,0.6937234
1287,18.548706,-98.1331
1212,19.414679,-102.74809
1903,-82.594376,0.8616114
273,70.812454,-12.415702
525,-4.5616817,98.76401
1175,-5.2043114,-99.02485
1353,11.266079,-115.69245
1379,9.509651,-115.22396
1873,-100.25226,9.393235
1344,5.7659245,-87.40624
196,84.477554,19.967655
1110,-14.625363,-103.45652
982,1.0073646,76.6727
1579,-71.64789,-1.5601709
1017,-10.175778,-91.15458
1506,-78.45504,0.4273619
1679,-77.65027,-12.534782
1378,5.4511294,-88.622925
796,8.527385,80.15558
1166,-13.526333,-83.781166
143,67.63642,2.3741074
1900,-79.72729,13.885283
801,0.9931361,108.292366
914,-10.567935,101.09302
676,3.340088,115.328575
1912,-93.31585,-2.1044285
1440,-7.050768,-96.894806
1683,-83.79495,7.1762557
1438,8.111095,-75.90364
304,76.016266,6.955519
1530,-83.96356,22.030413
617,-4.015009,96.9882
343,68.62298,12.533896
1589,-103.27671,12.643586
459,62.472343,7.6854815
1319,12.713761,-84.16066
480,98.439514,-0.79259306
1917,-87.887215,-2.447936
1744,-74.50041,4.1196957
571,-12.781913,105.242004
782,9.587971,85.66824
1720,-70.96035,14.978214
718,-3.4088528,82.63083
1998,-80.76808,12.209515
1059,-7.973042,-100.95788
1562,-73.89125,-11.417111
454,61.54105,-7.669597
1621,-100.517456,-7.6524405
1337,0.58139235,-107.35314
958,13.418638,90.2183
195,91.15908,-15.472616
887,-2.049753,104.26171
1197,18.727564,-99.50291
1690,-86.72941,4.3244762
1572,-91.0756,-9.966529
1107,-1.688532,-103.7077
478,90.71858,-1.4083464
110,87.27612,-0.796393
1907,-72.21081,-0.72415173
1666,-105.21766,2.0076652
1587,-99.43826,-1.933726
333,82.89522,3.0594141
464,98.48514,12.292296
1483,13.024525,-82.24618
652,8.575548,94.7188
880,1.4038321,82.76318
422,87.15669,-3.5970938
1989,-84.07575,12.820731
461,85.80348,-2.256255
51,89.303925,10.503558
1323,-3.3032625,-90.40926
431,63.698624,1.5132906
1765,-82.674995,5.355426
514,15.632718,97.484856
547,10.035904,88.897606
1969,-104.95709,2.1471577
629,8.46485,92.75855
1247,9.748811,-86.061005
235,92.502655,-2.2320423
1949,-92.37052,7.0586925
1109,6.208677,-82.57238
47,100.08803,6.5557246
331,79.0284,8.526659
82,84.288635,-2.8250458
286,84.67708,-13.531197
1545,-78.05706,8.514144
515,4.1247582,114.40153
219,92.68161,-3.0646985
161,84.85702,0.6160419
1730,-82.875885,9.164535
349,72.45979,8.931678
595,-1.2491792,116.58286
707,-6.4636416,90.993286
1454,8.647284,-111.49404
558,12.839208,95.864586
1335,9.475563,-97.7371
354,63.012604,-2.7126024
1221,2.1126099,-95.38547
12,94.03461,11.800277
792,-9.332623,109.20562
844,-10.661754,95.02887
1910,-86.1894,0.21838425
687,-21.706978,96.62329
870,15.723564,90.39906
470,74.315285,-11.17744
397,72.25377,18.415617
197,73.14852,-0.23997517
1790,-82.33604,-14.900126
357,90.48234,-6.653266
447,69.49797,7.6219687
485,87.22109,11.824364
638,10.528606,93.502846
1670,-76.42056,9.742711
1931,-67.96195,-4.0654488
1862,-73.06954,15.267736
1047,-19.41047,-87.00961
1592,-84.13192,3.2804487
971,-4.87367,106.76148
729,-1.9250519,112.59717
1709,-65.76521,0.039162207
305,97.80281,8.092447
1192,-3.5219767,-88.47995
1417,-9.286883,-115.799576
72,96.77898,-13.303812
888,12.750651,89.15369
572,1.6046547,85.6727
1171,3.1067357,-91.64548
1,88.02595,-19.882624
779,-2.8088942,96.47202
326,91.77374,-0.9048822
473,80.990685,10.062258
158,92.15741,9.684443
1878,-90.89779,1.9533174
1083,7.56145,-80.16456
723,-9.199019,100.9706
771,-16.37892,105.0695
1189,4.29652,-101.50215
94,72.20625,12.707624
933,-2.472175,116.454956
1443,-0.69315964,-86.71159
1074,-0.61680746,-89.82871
1061,11.211917,-94.533966
1498,13.351738,-82.12355
1653,-84.89558,1.3180003
872,-0.908929,84.98873
1430,7.5647645,-88.83811
129,69.02004,-1.7057381
882,-2.7711892,89.1865
1966,-88.74414,-7.814029
441,89.73853,3.5811026
1906,-93.11421,-17.47852
1719,-99.65406,0.14877251
1558,-65.814384,-1.6739211
142,88.19146,21.873201
1493,-5.1775227,-105.90144
1804,-84.742455,-4.2163043
1458,-11.815115,-89.56255
584,8.339294,90.25355
296,79.28679,0.17101112
1812,-63.41082,4.230205
1226,1.0796462,-102.31006
1451,15.98756,-85.84527
103,85.92769,18.369844
1573,-86.246994,-0.07889115
1696,-73.01651,14.38972
798,2.009297,92.10088
1941,-76.31882,0.5820507
1149,-4.787476,-86.9898
1227,-18.701405,-101.528984
917,10.731695,97.58025
170,83.10366,9.299549
1643,-84.606064,22.131376
59,69.55705,-15.199323
1160,14.826622,-95.57495
1075,-4.4479547,-97.66598
1626,-87.263954,-5.004198
1757,-94.86521,-9.562298
770,1.3693224,110.98346
837,-12.720393,83.02577
690,-0.057008386,95.96246
190,70.56141,1.7772164
274,78.698654,-4.3394737
1079,-9.972318,-92.24222
1977,-97.84171,-3.9384308
1068,20.080446,-100.79354
836,-8.895913,87.81488
1524,-87.98186,2.683996
928,9.031344,78.6389
116,80.35545,-8.52045
1684,-87.28868,9.299946
1924,-85.171715,10.068848
1861,-86.69294,2.2850292
1682,-81.03901,9.381992
1567,-76.9502,-19.11587
1800,-68.74631,-12.007491
341,80.20506,5.9673357
741,11.535531,87.390236
862,-2.0198631,86.03662
1105,-7.9880366,-84.16527
1000,7.4343405,-80.43739
573,-0.84749043,99.09101
761,4.0054917,90.25692
1351,1.5164168,-112.69661
694,-12.335518,113.382416
237,79.07611,-9.792283
1241,-12.622931,-98.49409
330,99.54695,-4.730387
1120,8.358127,-94.49208
1669,-96.38472,-4.365827
121,85.30941,-2.7231224
923,7.5187044,106.28234
1193,8.514379,-103.2448
162,82.04191,0.003610709
715,6.227974,95.99858
1689,-100.73269,5.7116466
259,82.41906,-21.390686
37,85.43555,3.5245492
1064,3.2089343,-95.52499
1069,-6.906588,-85.18861
909,-17.793074,99.01228
1489,-3.4958825,-76.89748
1297,-11.828322,-99.374054
1686,-100.65233,9.6755495
1070,-0.2795649,-85.48434
885,-6.2298546,90.71025
490,80.926674,7.317777
449,97.43333,3.301723
1425,-11.535275,-94.206825
368,83.10445,6.8005524
377,96.406906,14.996086
1533,-76.252014,-8.902958
975,-8.101848,112.78413
1548,-69.75398,1.5288972
144,97.73248,-3.5395312
513,-0.23990908,94.9536
1126,-5.766439,-94.93994
60,92.04264,-3.279233
1782,-86.5776,12.17988
1668,-87.803665,17.616182
165,81.696236,-6.343278
1211,-7.13793,-105.3115
1973,-97.13696,7.1972194
1667,-93.592834,-9.538008
1727,-90.60936,20.517693
176,82.32599,16.109957
1248,-12.464204,-105.08844
64,90.1427,13.309374
536,5.4996996,78.37497
108,74.71641,10.217338
984,-13.847099,96.23687
1157,13.323077,-86.17543
1974,-96.23352,-3.1201394
1184,1.7278094,-88.687805
1832,-65.22935,8.808388
689,6.3187814,82.00509
1595,-74.25652,17.92414
256,87.99075,5.488504
137,77.7749,-7.689043
139,78.147224,-9.187588
522,2.5222862,76.89547
998,-2.1614764,86.63713
931,14.842407,93.068504
1857,-82.5412,0.5921036
1769,-93.398674,2.3967397
1990,-87.329956,7.093814
1836,-79.814674,6.5090375
1714,-92.22235,19.784431
590,-3.536342,109.96418
956,5.4218235,107.47584
1301,4.44655,-106.30008
810,-0.09090278,116.6331
633,-5.6715183,97.65173
819,12.778896,95.55129
1026,-0.89134187,-94.17744
212,88.92304,14.691562
1741,-93.65053,-9.713461
1833,-90.77787,-6.989115
1370,-12.135207,-89.50652
968,-9.254296,99.56211
678,-3.4615314,96.634735
657,5.571336,102.10053
1872,-95.92536,6.270464
1015,-7.965785,-107.581474
1584,-101.79816,5.0706506
1188,2.871699,-84.752304
1715,-68.78228,0.10083222
363,70.829185,13.420589
1570,-75.076775,5.814402
1527,-94.315865,14.62517
193,81.40607,-16.022972
1770,-91.75243,0.5964154
251,93.14174,4.737129
1660,-92.96551,-15.985742
1982,-81.79615,12.663429
130,65.99689,4.395152
623,-10.502365,107.756256
734,-2.5302331,109.2557
1236,-2.8140836,-93.504486
1980,-85.167595,1.5591085
1159,-8.544539,-93.71211
90,75.72974,-4.0271893
1418,-18.04085,-98.36792
1913,-85.63097,5.9023433
581,-18.10187,97.7484
651,-11.404117,93.874954
1761,-76.959816,-18.93652
907,14.553362,107.65223
1447,-6.390952,-95.29841
600,10.610458,86.012856
1853,-82.134926,-15.141458
1035,-11.180812,-96.434044
1442,17.142056,-102.152374
1566,-76.98862,-17.588514
1479,-10.290516,-87.54842
1703,-99.17035,3.6286025
901,-7.08758,101.37542
1926,-83.65617,-0.8484607
25,91.86076,6.283511
1081,-4.2740183,-110.89571
133,81.34895,4.7458224
312,86.22965,10.4757395
80,80.880585,-18.571442
806,-13.977945,105.56093
1427,7.4055223,-98.36343
138,82.4924,1.8888047
1250,2.5863862,-106.13411
1902,-65.61467,-1.1521174
1509,-90.64561,7.1010613
213,75.10772,-18.955954
507,13.848711,104.683174
1513,-77.734634,-2.4761002
435,74.20932,15.408459
56,86.41742,1.9622836
1752,-85.75206,-19.226257
46,75.10098,2.8983147
327,69.06647,-5.124689
977,3.1970134,96.43005
570,0.2835922,107.07767
670,-3.4409666,77.53698
1422,-5.0075455,-98.3633
1176,3.6059499,-109.414375
1129,-18.03015,-85.42282
1555,-72.46696,3.6081533
815,-5.4834514,87.44333
1963,-82.33295,4.9105988
669,10.220719,111.57262
146,74.25085,-11.610393
902,3.0966327,93.496574
48,100.94038,-1.8093109
1273,-13.662441,-100.11835
481,93.11072,19.082441
1205,16.719069,-85.89384
717,-0.8661612,100.56333
1827,-65.99372,-7.1528406
1795,-80.05747,14.526868
1235,11.795856,-92.60382
1113,-2.3914044,-85.15237
922,17.752735,99.984566
324,79.04469,6.9954796
1588,-89.402626,-8.330419
1846,-71.66723,0.9345719
16,82.05437,15.412143
105,74.4304,6.608045
200,94.26547,-5.2692904
1981,-70.78005,6.479808
1150,2.2312245,-85.20993
303,80.99131,-14.355529
1444,2.341881,-80.55063
1466,8.874045,-95.0954
985,-9.403543,102.95569
1087,7.8159523,-101.79043
1967,-88.54836,-1.0092218
1465,12.382768,-96.494995
1453,-1.849412,-90.404274
1763,-100.29067,-11.414493
236,89.14979,-2.7113314
1411,-6.3535943,-88.43
877,-0.32565618,96.959335
592,6.561233,93.63672
71,92.929886,13.852181
227,96.28187,0.97778696
1879,-78.34404,-8.445011
1726,-81.32686,-2.1301365
1754,-96.54236,-14.177313
1317,8.938981,-91.8721
1019,-16.989021,-91.607445
1229,14.929018,-111.88094
301,76.37933,15.756561
1950,-80.648155,-17.862816
87,63.16163,-6.8831773
1710,-80.16563,-4.244444
1826,-86.080246,-2.4724061
663,5.370795,113.90466
3,68.56932,4.132529
440,74.00106,-7.992473
833,14.764197,87.62894
1230,6.185296,-102.94155
1220,-5.243598,-83.304695
1576,-77.539,11.660024
1603,-92.832886,2.7973976
959,-10.739413,89.289986
258,93.521065,0.8801463
1243,-4.9817953,-76.07236
314,97.648865,-10.262756
1178,4.2063203,-88.47605
1419,5.0580893,-81.337494
1561,-89.34006,-10.462062
1380,15.588698,-107.75314
1801,-90.934555,-0.96647704
1616,-91.04186,-13.336848
753,1.4905871,100.6903
1508,-84.60576,-1.8393905
1607,-98.72364,-1.6459317
311,100.87301,3.4357321
22,79.92195,-7.2610917
1945,-83.99251,-6.70274
757,-1.0796679,101.06806
381,100.573166,6.2199554
1434,14.127037,-99.57789
78,97.19223,7.0363812
443,73.026634,-6.1178803
378,94.87543,7.129205
1597,-94.04062,2.0170927
1925,-80.722176,-14.453931
1631,-76.32005,-0.9463817
851,2.2416098,103.77364
1008,3.5263715,-82.53776
726,21.19838,95.49168
1242,19.08801,-93.10309
992,-8.581961,94.607544
783,15.363217,111.51549
293,91.1468,12.545192
1785,-93.1903,7.517878
606,-8.36171,87.89881
1363,15.070801,-82.81763
199,80.03366,14.592303
1988,-75.063614,-11.282884
309,61.85296,6.315838
457,88.548805,-19.572554
1302,-1.0510427,-111.1042
1617,-64.394394,5.2257586
795,-9.7213955,85.44811
1791,-95.98893,6.693417
1295,1.7755892,-100.54533
1228,6.0630207,-99.13081
463,83.486435,6.8212805
1712,-79.835945,19.448347
925,-0.94045544,106.41466
518,11.921192,83.41597
1672,-86.2062,-23.90541
1484,-6.6660185,-77.08032
1098,-7.040287,-92.73576
1122,-18.902597,-101.46272
1413,-20.438894,-105.3786
960,11.30665,100.88257
1796,-95.94317,-8.858422
1343,7.989137,-84.41864
1291,11.286132,-109.63691
1470,-14.95902,-112.811
995,-16.460209,102.920105
1093,-3.0102916,-93.851974
1762,-82.21408,2.3100312
1674,-76.530136,14.872416
1167,-11.53323,-99.385506
359,84.147194,-8.535953
551,17.640095,91.52797
1215,7.126245,-98.47873
1389,8.836722,-83.11136
1665,-99.482155,1.4408749
1847,-64.31593,-1.6059847
234,93.00023,8.706307
192,71.428925,8.922252
946,1.676756,80.111336
244,80.4189,-2.257507
554,7.2167435,87.91085
1841,-77.07301,-7.8780856
674,9.021293,82.00115
1148,-8.490013,-89.77044
1863,-83.11078,11.134127
297,76.664955,4.2293057
1596,-78.899605,6.708021
57,85.80581,0.19808401
24,89.89704,-19.050993
1071,-6.183471,-90.13242
1928,-71.01831,17.066935
42,104.11233,-2.319529
1502,-74.4513,-4.640525
620,-0.66190344,97.1773
1578,-77.722115,-5.3168573
1611,-91.44414,-15.13318
769,-4.4083176,100.934364
705,-13.095455,79.329124
1571,-77.04343,6.452111
140,83.8356,-2.6749382
1056,4.8560915,-97.2103
1354,17.740345,-104.26659
1142,12.803744,-86.365326
455,69.596825,13.095323
1930,-75.92985,10.491378
1624,-84.26101,-20.203714
508,4.474819,74.28928
1177,-12.445077,-108.43247
35,96.24222,16.144297
1614,-87.705055,-4.632229
1695,-99.60404,4.6759887
1975,-74.45216,10.672393
1238,5.350431,-87.29776
1705,-69.40966,12.201511
739,19.883595,106.10069
307,99.299,11.745614
1518,-76.57243,-3.7438695
804,-18.556988,91.84979
876,20.843748,88.436195
182,64.36196,-11.03033
156,82.22162,4.803428
302,78.2994,8.026045
1874,-80.753265,-10.692764
1269,-4.5931563,-80.513145
1984,-91.01089,-8.512963
247,85.55594,-4.1941333
1382,-15.171432,-96.35995
1789,-75.20368,5.506183
1755,-69.1233,7.8687773
260,100.217804,-11.910755
141,72.120346,-4.469503
748,3.2689664,82.06841
476,75.60223,-5.931968
113,84.75076,10.739324
1892,-80.9815,5.4200106
727,8.087588,88.22015
1494,7.0414543,-100.26558
1185,-4.841346,-101.39553
524,12.801188,105.22365
393,80.08104,11.841893
1492,-7.7036395,-85.42579
1536,-78.54116,4.082056
1882,-92.48076,-15.618638
973,16.90254,88.23402
567,4.584211,84.01255
342,86.16274,15.932164
1036,1.0043184,-99.198944
1957,-92.8447,-5.2975116
385,69.79067,16.405037
1652,-86.47466,-7.273675
300,83.47871,-9.626911
1656,-91.80588,13.980345
407,67.42697,0.746214
509,6.786633,91.54235
475,77.02228,-14.994097
188,74.80825,8.226865
53,96.89702,7.116909
1312,18.562143,-104.42264
205,90.03449,17.595953
1734,-79.89816,12.457311
1979,-85.401344,3.809784
136,70.49601,1.6882621
451,90.07845,17.574902
1435,-8.527839,-91.48645
261,89.683174,-4.245177
565,-8.52904,81.922386
648,-0.01865399,76.48308
33,97.252464,-12.449857
1464,-9.49088,-89.01559
115,93.43302,-13.646243
1384,3.1301253,-106.85339
1021,-10.098587,-111.68588
1480,-13.550001,-87.06918
904,-7.0643287,102.6104
1893,-66.08931,12.511419
418,82.1222,-9.521055
1488,2.4568639,-108.85792
504,7.168696,78.73212
1365,20.830496,-97.851456
1257,-0.68776935,-84.2465
1321,11.630357,-88.14584
1267,14.491698,-98.33067
1222,-1.2599337,-74.76486
1073,-4.3140845,-82.1519
1959,-86.82612,-7.3883433
1512,-89.39345,5.900171
232,68.89716,-5.6439085
1934,-90.128,-8.875592
1306,7.970048,-110.04392
855,-4.5225596,95.29603
1103,9.847413,-88.63381
1313,0.20351143,-103.434265
1797,-70.67131,10.015549
637,4.5382175,87.773674
1281,-14.999476,-88.45689
194,104.820595,7.3386927
1511,-90.42552,13.238339
477,95.08102,9.564861
1783,-96.90308,2.1084247
1996,-89.303375,3.960135
1429,-6.491706,-77.73361
1691,-84.24575,0.4314588
905,-3.848186,87.06275
552,-20.292715,102.39079
101,75.59175,0.91864276
1557,-72.89738,16.09878
479,72.89343,3.345746
1602,-85.65146,-12.919208
997,-5.988033,85.506516
1575,-89.24112,9.573938
1946,-84.09609,-17.106173
106,67.417496,7.3882966
1415,-3.7555962,-109.81418
1991,-68.74091,-9.144675
1500,-85.02859,-19.321165
597,9.021356,85.71357
952,12.057619,100.553734
643,-16.780695,91.59301
616,13.20176,103.03944
1622,-95.21022,4.308732
999,7.6006227,107.436165
1134,4.7898507,-104.61635
366,80.54345,3.0732498
387,101.61054,-12.275977
822,7.035382,98.97242
114,94.241714,21.109015
776,2.1231534,112.11822
472,96.181915,9.055391
1549,-76.241615,12.879708
427,89.623344,1.9530115
328,87.09537,-7.696675
1553,-76.87247,-5.9334006
1404,8.806892,-114.13615
30,74.97674,1.0169542
979,4.276712,117.65189
523,13.088218,91.986465
1543,-77.74522,-4.1134305
878,16.73711,102.64544
1748,-89.78975,12.571587
898,14.395554,80.28147
391,70.72256,17.77714
1336,2.0499747,-117.62656
1445,11.487216,-100.03147
755,-0.45335332,93.582214
318,91.16317,-10.789771
278,84.02051,-14.751772
1687,-72.599464,10.797747
764,9.563654,90.8654
924,3.836271,104.924736
224,66.9081,4.5529475
107,86.65946,-14.331961
1577,-77.355194,18.241179
578,14.73049,95.336494
1274,-10.558738,-102.26014
96,102.84325,-0.65259314
388,87.951416,-13.158377
448,81.91001,-3.3876488
1186,-13.935916,-109.4575
1039,-2.5283642,-85.151085
1386,-7.724929,-108.29017
1204,-5.746879,-93.5691
160,77.20773,-5.168683
1814,-88.479,-5.51859
1428,-9.375915,-87.933304
171,82.12652,-7.553775
1405,2.3340187,-111.74536
1332,-18.18729,-105.67866
989,-13.946957,89.27785
1475,5.6664834,-92.63695
1737,-96.08281,-4.03228
1139,8.064263,-94.04004
550,7.9991403,104.15177
1772,-100.10419,-14.175372
1634,-76.56186,4.1505213
1638,-87.03752,9.924594
848,6.058106,100.083565
298,69.95217,16.884418
275,89.87246,0.9495426
1195,-8.302425,-96.98468
493,93.23287,-10.640451
533,-1.5623792,101.827644
287,96.24371,1.0638102
338,86.414444,9.700018
1174,-9.611362,-105.09794
264,89.477936,-12.975742
1152,-0.5441852,-82.76254
912,18.277283,90.35746
1271,12.401487,-111.26553
594,-0.8912985,81.80498
1700,-95.99911,-12.107539
1958,-74.006355,1.2938865
383,63.250698,-8.260231
267,67.40508,13.409979
1947,-81.34603,-2.3208427
1364,7.0807433,-82.20083
1324,-14.485579,-96.04761
1887,-63.352074,-5.671584
1953,-89.056145,-14.43397
828,5.621376,95.20034
1331,-15.640327,-100.51997
555,-19.685526,89.21854
1123,20.538269,-95.04373
990,-16.404236,89.86046
896,-6.7930493,94.05328
1645,-84.81985,-9.826096
18,79.41807,20.741615
897,-8.428916,94.392586
154,97.88022,-6.4533424
1723,-90.0355,0.4265403
1407,2.1157463,-102.90974
873,-17.24585,101.77737
1424,4.3134437,-97.66469
1803,-86.48413,13.385318
398,97.87359,-1.9799395
1658,-90.06436,-0.5957496
1031,9.277723,-106.552284
202,95.58315,-0.26485276
1859,-87.77845,-0.8134345
1702,-92.32602,-11.370231
835,-4.2307744,105.02031
246,68.28495,9.114794
211,72.27006,6.7420278
1339,7.3995214,-100.88553
827,15.599543,95.22686
832,-7.96602,106.569084
1088,10.628712,-83.573845
1560,-84.26156,-17.684345
1218,-4.256711,-91.810356
1240,-8.490018,-102.80225
711,-13.945814,98.26954
7,82.38742,-5.151755
437,89.71779,-9.079718
127,91.849754,10.475682
966,-7.617387,96.571884
126,79.93303,18.96007
1943,-77.23844,2.2587416
1231,22.514032,-101.02026
574,12.623147,100.0446
655,17.878756,95.44873
238,78.10938,-2.9887156
1495,-13.006501,-108.59581
1305,-12.060281,-110.92336
163,61.260178,-0.07238091
881,-6.853346,91.765076
1864,-78.37524,14.112039
284,97.94136,5.5454783
562,2.8832598,86.65155
1012,-4.109343,-96.61424
1034,-11.549227,-83.30932
1116,-18.604244,-89.81693
1805,-72.215675,7.6509767
913,-14.057538,108.91294
389,65.06917,8.867191
1818,-72.4696,-10.742752
410,68.31087,11.813341
1823,-66.420044,-4.874971
310,68.27007,11.219615
540,1.6191773,90.51579
1151,-2.0991452,-100.781845
225,91.41759,-11.071087
1290,-15.6015215,-106.27895
1022,15.056557,-105.22957
1646,-81.49922,2.1790228
1582,-81.17026,6.8117633
777,16.701221,101.58757
622,13.997674,91.19597
591,-14.973592,96.75532
618,-2.4510229,112.72301
1402,11.476583,-92.04687
611,3.7440434,114.07909
308,63.432655,12.376549
688,-6.1359973,95.53013
1532,-95.81128,3.3240206
1733,-91.869125,8.873768
1477,-14.203106,-104.31652
1490,5.3230605,-101.48952
535,-15.262496,100.92925
1085,-0.83449537,-87.088844
1024,1.4725142,-97.34965
809,12.87048,85.71069
692,-8.847575,91.213776
1816,-88.43572,-15.671248
1918,-91.22834,4.1446476
1840,-97.50917,9.376323
446,102.31838,-10.862325
1014,14.480007,-98.69762
743,2.5335617,106.69278
189,79.48,8.867063
1916,-68.005875,15.751585
1593,-87.2414,3.2707098
930,-4.8153305,109.09921
505,-18.344717,83.91121
1731,-80.54887,17.349585
372,72.13853,-2.80192
1072,-10.032401,-111.71425
789,11.65417,76.97107
1256,11.911817,-101.0966
223,101.05183,-1.7651314
390,84.657104,3.627424
1568,-69.32593,8.601856
13,92.005844,2.2721977
1639,-81.72262,4.1437273
786,1.1006993,98.4192
784,-14.286505,92.61842
1304,20.111574,-106.46455
416,73.36028,-14.615322
269,79.23869,20.973974
406,82.13549,4.250053
1383,4.482639,-95.080376
6,76.75371,2.2938612
1347,0.33329076,-114.40089
737,2.996104,108.65346
1539,-73.56458,13.118678
1537,-89.67975,-3.6070554
541,0.07290625,103.12933
830,-1.0073868,89.904884
1355,-8.960002,-96.54338
148,71.47595,-9.811438
852,0.17514855,80.67245
879,0.4527973,114.18814
40,77.07323,12.105422
1311,22.0417,-101.32686
1124,12.832886,-90.00949
1346,4.9684997,-114.26205
1048,-9.454052,-81.72744
1259,-10.275605,-78.58234
1740,-78.10227,-1.8654509
745,12.92873,94.47367
665,16.02602,92.57583
1112,2.3535092,-92.622444
944,-6.056195,112.65197
883,4.110836,85.65923
962,1.8813474,98.63428
1521,-104.16794,-5.033272
203,101.59515,3.361801
92,69.634735,-10.801643
104,88.8748,9.271066
1341,11.987665,-103.73976
602,-5.8964233,81.27191
1314,20.740782,-94.36614
1776,-66.36767,0.31361827
829,-10.786792,83.764
409,100.46153,-6.2562056
1264,-5.3920116,-84.86024
1298,19.943356,-97.73893
1473,1.1686082,-93.29446
520,-17.535488,93.30472
1050,10.509535,-90.371864
70,93.37364,2.9962184
1655,-65.33756,1.1747972
1756,-94.79156,18.352026
201,89.9308,10.568383
1046,-14.548497,-82.2589
1940,-104.79233,-9.419737
1089,-3.621442,-113.89842
728,-11.306354,107.54075
972,-15.345931,91.21243
262,72.257355,7.0376325
1895,-64.98591,-11.01256
495,102.58701,6.0828643
1507,-33.478775,14.554215
767,12.509228,106.39701
805,5.4871716,90.15851
787,15.084082,98.626495
1058,19.436995,-101.18394
1013,-14.003123,-84.103294
434,84.10638,13.188218
486,82.40526,0.9260429
111,91.2243,-11.574799
242,84.505394,-9.848944
1937,-97.02131,3.7964919
408,81.86481,12.094194
860,-8.019256,104.69248
226,97.49451,4.2936134
380,76.79076,-9.947742
1824,-92.82571,-10.640964
1970,-73.68535,-2.5674894
625,10.563612,114.45369
604,-8.743291,90.14306
1538,-80.53158,10.097124
1416,-5.011581,-76.3734
1202,-16.918146,-107.31173
642,10.852972,92.35195
1676,-93.068344,-3.7983525
1876,-86.589485,21.786116
426,91.19768,7.006721
1972,-85.858604,-8.243418
1393,5.0236487,-110.112465
1106,18.035475,-82.171326
1172,8.726221,-75.74018
1523,-75.13787,-13.30156
1760,-73.269516,-5.626674
666,21.173733,95.48932
1040,-3.6869497,-107.48511
758,-0.34071448,93.13717
1431,-3.0019212,-100.162575
856,6.805329,81.51942
915,-10.590486,92.79048
131,80.63355,-11.493466
253,67.50781,-8.196464
712,10.002607,113.699455
884,-8.279282,106.38081
1233,-6.2689843,-88.21871
125,72.41291,18.64424
1051,-7.220338,-98.7984
483,69.41232,0.28397527
1503,-93.24259,-5.9330773
596,-0.06761421,113.20055
1491,6.5333133,-106.3405
993,8.457145,104.8892
1462,-2.6014807,-92.44266
1997,-96.99509,17.572823
1896,-89.20383,10.444075
413,85.26862,8.067472
453,83.92611,-0.74669087
1203,13.255849,-107.240746
1810,-91.28511,13.975596
793,-17.467009,105.14262
67,91.30797,1.9150432
582,-9.8366585,110.48017
987,11.394604,110.37435
1191,2.467201,-90.51465
233,75.62123,-1.297052
58,76.61161,8.916831
613,19.730276,106.15982
1574,-89.13117,7.056626
1522,-104.26799,7.9020977
1010,17.359478,-75.6092
826,20.745398,88.38508
1625,-102.56243,-7.349003
863,-14.613547,107.99487
1951,-71.18004,-15.371503
732,-6.64575,79.29903
1357,0.28907502,-93.09458
1125,-0.31497222,-83.52501
635,-5.253552,83.17569
118,65.94299,1.1964889
329,103.659805,10.194731
548,8.905688,81.7954
178,71.68772,-3.2821777
1371,-0.6701674,-92.6876
39,81.688354,7.6583934
802,9.130906,102.47611
517,19.355886,92.31189
1262,16.96424,-97.51876
1501,-74.8719,10.948403
169,62.98881,-7.23629
1831,-100.754265,-3.26116
780,-6.600173,108.83695
1133,11.799071,-95.76018
45,90.270775,-19.05743
1781,-83.507515,-1.1955545
816,-12.073192,93.994774
75,82.414,7.491513
839,-13.095365,86.12103
229,81.31054,-14.15508
1885,-80.97801,12.080971
1520,-90.54014,20.68859
634,17.14751,84.02097
546,6.234557,113.77408
1641,-74.02224,-14.947666
1338,-9.474309,-105.034004
173,85.83743,18.413324
1268,-3.5995893,-102.36052
1450,3.898135,-86.277306
1096,-11.584082,-106.034874
1094,15.916371,-107.896126
549,4.4398932,80.94881
1272,11.906523,-98.26878
1860,-88.23459,-9.467286
526,0.19582348,98.2054
1835,-86.97306,5.039846
1613,-82.80648,-3.1288512
355,87.01893,-11.057166
1278,-5.6660213,-111.22769
846,18.486063,87.53407
1517,-72.26417,-2.4757051
947,-9.326008,81.525566
252,106.531044,-1.2801921
159,94.21442,21.03572
1027,3.7132287,-99.88255
1361,6.8564816,-104.62459
1780,-81.86231,-7.5480585
1956,-94.125015,10.057381
1775,-78.99163,11.025147
672,-13.941761,95.76833
1207,13.26486,-88.10267
1210,-19.373339,-87.037
701,10.584512,110.8507
1340,-11.250662,-102.2751
953,11.813294,83.43231
1529,-80.99435,8.408761
1880,-74.28674,-16.250002
1296,10.367686,-103.11648
50,89.0976,-10.374475
1707,-82.89178,-9.264825
542,-1.1607114,73.56585
168,64.08703,-2.3880992
1028,-9.723934,-84.862
240,86.46552,-0.11571823
369,79.36317,-4.2488036
1127,7.354233,-88.91899
1485,-8.934225,-81.169304
1406,-0.90962696,-116.03883
1725,-82.99178,18.47776
1279,15.668127,-92.90007
336,89.34176,-0.028356962
185,79.404465,10.812292
1787,-84.445656,-2.378425
411,73.521805,-0.95654804
1224,11.734355,-79.75969
1060,10.339563,-85.83463
488,74.09208,11.351339
1390,9.353983,-103.36603
874,9.808777,83.4336
348,92.65677,6.813208
9,99.65481,0.834655
735,-3.206577,103.59536
351,84.141014,-18.804436
1749,-102.69718,-4.3829165
706,14.089149,85.44505
1004,14.609496,-96.16904
417,88.88041,10.7442465
1356,-10.5793705,-96.46886
313,87.8248,-8.7555685
277,73.67593,-13.690623
1848,-96.448006,10.904739
1358,5.773061,-90.72107
624,0.03414845,86.69201
1349,-18.634855,-107.9462
1850,-75.02342,-0.577736
222,65.023186,-12.17371
1165,11.601937,-79.25407
1403,4.1930285,-77.10521
382,85.47054,6.7614207
1011,-1.8093293,-75.39029
1446,1.7634997,-86.48603
1531,-101.39075,6.3766694
438,86.43765,14.637524
1648,-69.53275,-5.986788
1385,-20.780008,-97.1656
1395,7.861368,-108.73259
346,87.01774,-15.805819
491,70.327644,-4.9195457
73,91.28546,-15.567557
586,16.181051,82.20873
699,15.4875345,92.73487
1376,12.609197,-105.42719
773,-18.659904,96.61399
489,99.77417,-8.50861
1608,-89.33099,-2.1321304
335,74.19173,15.134587
1994,-85.79605,-3.9075596
1581,-93.82276,-12.658294
1045,0.74491036,-105.375824
85,71.09557,-12.999607
752,-13.068701,110.75783
62,91.83945,8.727495
1845,-79.95214,-0.31629598
1289,11.424705,-99.24522
1678,-84.90296,-14.778162
1891,-94.39311,-2.9840958
768,-0.25929564,102.66652
927,9.505997,97.80243
1080,8.64081,-90.3031
631,-4.252292,92.61497
1090,7.760134,-108.0261
1190,-1.7009064,-80.69352
849,1.2722741,89.15777
1131,-0.07304469,-87.74181
496,70.73871,-3.9836414
1249,-8.578697,-80.77371
1729,-78.94276,8.6822405
850,8.887551,98.59158
1144,9.10929,-81.62296
221,78.3805,-1.3158516
1899,-94.78615,8.208713
677,-4.612904,73.594055
762,15.313605,82.189026
79,78.327126,-6.6184173
1372,-9.834077,-109.14664
858,-17.111261,83.91635
978,-5.5723767,104.57598
812,15.347574,111.54005
1054,-6.1471925,-103.365295
1114,-12.609317,-83.68667
281,86.07913,8.023586
939,17.902475,98.87229
1396,-4.8462234,-84.36998
1459,2.0256474,-99.26229
339,81.99756,-0.9894952
1023,-13.375479,-91.996704
379,72.59255,-0.07700788
1018,21.08755,-92.105446
469,62.117195,6.997482
1183,12.395491,-102.85388
1743,-83.2414,15.48772
1164,-3.255406,-110.45207
1044,-5.842324,-103.87322
929,-19.01481,89.16769
1455,-12.318246,-91.55885
1858,-70.519005,-16.545765
1671,-71.64203,-9.728392
921,-5.5812683,82.44511
1398,-14.418326,-94.21158
1399,-8.766921,-84.74411
1359,19.423,-89.4139
86,94.83932,-10.176421
1598,-69.565895,-1.9904723
511,21.142088,104.82959
1206,-4.3961425,-111.517136
1609,-73.30811,8.420119
361,84.28112,5.34797
249,96.3155,-13.97624
1794,-74.18906,-15.418408
228,60.066116,-7.419749
1066,9.468626,-100.821884
545,-3.6863637,84.85202
516,-6.754966,85.41267
1736,-99.64582,9.307812
255,69.1486,-15.6461735
452,96.12768,-14.330723
1330,16.984762,-108.63959
1618,-79.458275,-13.234991
181,83.48852,13.838713
641,10.359102,93.770966
1627,-85.330956,-13.098989
419,97.61964,13.264174
1375,-16.967693,-101.385056
356,105.47345,7.59334
1449,16.232801,-94.593346
1697,-69.26141,-2.7704623
1604,-90.96087,-6.7743297
263,68.02449,4.4534855
619,-0.61187935,79.194244
981,-0.6256353,84.72335
1605,-101.812416,-9.237155
695,-12.780712,102.031906
172,101.31938,-5.986927
164,84.633705,21.05799
282,97.75958,-4.001694
685,2.8267126,86.59795
1381,-1.7036642,-98.05844
1118,9.47674,-100.850334
760,-10.836791,98.1186
797,7.310166,96.96654
1516,-98.17032,-7.9064198
1559,-93.360405,-0.52956015
500,1.2031542,82.530685
588,5.134633,109.305595
1052,-16.908134,-92.06826
1232,23.224346,-100.43058
1939,-80.71719,-0.4545447
680,-18.53873,86.301926
1467,2.3876815,-88.60892
818,-6.0117874,113.57914
1911,-80.35581,-21.94
700,5.1943693,74.00537
63,94.880135,-5.9309998
1542,-97.447174,-0.10717187
1294,-3.854654,-97.92076
576,8.097677,100.53326
497,89.74363,-2.2259536
1992,-93.508766,-18.278917
1373,-17.823132,-107.209335
1499,-6.9700885,-106.03197
646,-3.8240352,109.44419
97,105.35709,1.9697182
373,60.994617,-0.51593196
1091,5.9816213,-85.19443
32,99.74066,-8.37603
1742,-86.188065,-6.625118
750,-10.454799,87.71224
206,80.32643,-2.2304373
911,-17.26469,92.535805
1006,17.006357,-88.45667
749,16.081661,107.409256
1084,-1.6601081,-86.8921
1829,-91.70759,10.739247
432,75.74052,4.198623
1820,-74.497475,15.076402
210,89.00288,8.240686
1792,-72.46393,-4.6874394
527,2.1309123,112.34761
698,19.045948,102.12689
1334,7.3721027,-84.73595
1526,-90.332825,2.3755012
405,79.61177,17.71669
1288,-1.2719349,-79.440735
834,3.8313437,93.68578
1938,-74.274605,-8.5770445
919,3.0454724,110.17553
799,14.880142,101.239075
1854,-83.95497,-9.728724
1698,-91.118004,-2.3796337
365,85.05053,-13.506935
414,78.47739,1.7821077
1866,-100.22065,-9.202289
1708,-98.931244,-5.442439
814,-20.12234,104.12127
754,9.487706,107.1302
207,81.8234,-9.813747
976,-12.396547,96.565155
1644,-72.07057,3.965662
772,4.607554,118.357864
579,-7.2819734,111.56494
1266,-3.7174094,-92.278694
26,98.34005,2.1118467
1497,-7.9371257,-110.88087
1216,-8.379655,-77.10428
52,73.720345,-4.7617335
1410,17.20415,-110.66695
614,-1.7423213,104.452545
671,-13.113526,100.36848
1121,14.130253,-92.30217
957,-0.19615105,90.002106
135,77.14724,-12.215536
1750,-69.71336,-8.53772
1600,-80.37713,-21.883455
1366,15.140377,-104.150665
709,20.015837,100.20289
367,66.72894,1.3247054
68,80.906845,1.2256521
436,92.968,14.876056
603,-1.8714802,73.90466
1401,-5.86216,-109.369385
955,-2.1073308,83.58228
647,-13.928706,112.2149
1971,-92.72182,5.438117
1439,-9.3353405,-75.47878
1922,-66.78606,11.216729
1659,-77.37423,9.032849
1650,-95.36561,13.485516
1141,-9.268435,-78.03465
1612,-92.02037,5.399691
124,66.30848,-3.2949283
462,80.15742,-12.769155
1865,-87.64796,-11.58606
371,75.91174,-18.721651
230,63.881443,-10.188552
81,76.71972,-18.4916
996,5.3693447,78.414375
1552,-96.661934,9.40875
1706,-75.46621,-2.7271192
1095,11.465001,-89.23702
494,69.42868,-6.924977
1320,2.5968986,-105.43285
1153,-3.4351006,-104.0833
99,91.96448,16.19838
1739,-66.580475,-7.568117
553,11.432542,92.15607
191,85.24005,-11.339644
1806,-103.26226,7.2749
961,3.4061928,95.57298
964,-7.798111,77.60295
577,-16.743587,94.82812
683,5.380309,92.7553
1654,-94.88073,0.48376787
402,63.663727,8.526236
245,82.75264,16.823761
1412,5.1371737,-113.85122
1448,-8.7625265,-102.42733
250,65.98919,-5.9508295
1766,-86.781876,-12.6032
323,95.86067,-8.059618
681,1.3196809,94.09714
1954,-89.27101,14.906676
531,14.901663,98.84745
1550,-100.94543,15.83684
17,80.44475,-19.333462
1348,2.0524135,-83.41019
1633,-92.72698,16.078093
1309,2.9403386,-112.028915
1735,-83.78383,-6.7243004
731,4.7866774,95.25587
1813,-85.85912,-23.989079
1888,-82.7224,-11.7850065
910,14.781993,82.17516
1078,2.4974148,-80.54483
1100,14.988431,-91.56649
186,74.09414,4.418437
362,75.227356,17.855745
963,8.087245,76.05547
866,-3.7551215,113.28637
1254,1.9886461,-76.20742
350,63.50584,12.265642
503,18.159971,81.527405
1284,-2.1743321,-105.36141
612,-11.449151,98.41205
1397,12.967369,-102.52035
1156,-14.745502,-99.19516
272,73.7225,0.71452385
916,-11.997162,114.60066
859,-14.936246,100.70139
1767,-74.07375,5.943587
1688,-69.17916,-3.9217389
660,-3.0617764,93.18866
1594,-77.691986,-10.236698
943,-12.250999,88.892494
1758,-80.8091,-10.494745
1253,17.97674,-93.57091
1196,7.6600637,-117.89033
74,100.091545,12.416659
128,102.14302,3.7465572
838,-7.53658,85.195274
1844,-101.70627,-13.021086
1651,-78.06047,4.5915794
892,11.261038,97.111374
1701,-69.48108,3.2948496
1345,17.53788,-90.82421
15,78.77743,10.806402
703,9.79423,99.70171
1839,-96.23307,-8.665042
1547,-102.16406,-13.241507
1817,-107.12228,-1.6432935
1065,8.314504,-86.81745
895,-4.3422575,73.837006
1746,-104.98857,-5.3770046
1721,-102.00374,-3.8376665
1890,-80.14457,2.7024162
34,73.178276,-5.207763
1834,-68.76638,-12.044895
1029,6.1094775,-93.17758
1843,-75.940994,-6.2619953
557,3.8709586,104.80431
630,7.787045,117.34541
934,1.4496256,84.081245
1983,-78.18085,17.018726
1544,-88.81476,-19.273712
1299,5.765352,-110.66214
1745,-67.476616,6.616066
722,-2.2525272,91.75905
1258,-9.1847315,-104.53007
775,12.988583,107.583466
938,-4.6537566,113.28996
151,77.2403,2.7088068
704,2.947502,116.42364
1901,-72.40396,-9.801623
265,64.713806,-11.598772
1685,-98.472305,10.901443
1884,-75.358635,9.1164465
599,-5.097997,102.482124
1819,-91.95309,8.859608
1146,-3.9885778,-80.38762
1400,13.949617,-93.751625
658,7.3931265,110.43657
1251,-7.368002,-95.25063
1471,-14.813513,-105.904655
1252,-7.475905,-90.443375
740,-22.208504,97.2129
1921,-90.93128,-16.401081
340,85.072975,10.980734
788,-12.044196,90.968636
466,98.24416,7.6926026
401,94.1712,-15.770049
1213,1.2989156,-109.55723
1759,-77.98299,-12.713674
21,70.24965,-6.7481427
1217,4.869351,-94.72718
1457,19.69314,-87.93555
320,81.57364,12.8299
920,17.875082,95.4845
322,69.41072,7.462029
1764,-97.86178,-10.678143
358,69.04202,-11.14666
266,100.60472,12.945502
1809,-69.54809,-4.519538
403,98.03511,15.8465805
1020,-15.4934,-87.45173
1280,6.1114492,-78.259796
332,87.96119,7.283074
1586,-82.14019,-4.9656086
44,82.232185,10.375846
1822,-67.73804,-9.815931
561,-7.4337907,92.752426
842,5.0415335,107.154854
1119,4.4146695,-76.01364
1935,-97.90116,-6.1639466
1007,20.063797,-106.376656
1293,9.926596,-106.46342
1283,-18.139149,-98.34839
659,18.757607,101.58435
840,-14.781236,88.436646
1657,-89.52432,-22.14808
1468,-1.038657,-79.12172
279,65.00077,9.842041
439,74.69801,-3.0135536
198,85.711815,-17.317913
1261,-1.7659929,-113.2974
778,7.1061,113.99719
593,8.779554,90.59696
1993,-72.0417,-6.9408264
627,2.7547097,76.876076
1388,-17.512354,-85.147026
1948,-85.105316,10.64287
808,-12.217232,110.47874
1055,-19.758572,-96.94241
1751,-97.73811,-6.2387104
1286,12.0012865,-115.295525
43,101.57392,0.9195339
1556,-74.104744,18.58397
1168,7.8712745,-118.1025
1999,-96.38628,-14.21085
1237,1.1373718,-81.02931
744,1.8017585,102.377884
950,-15.255788,105.24291
868,-3.7150192,84.87784
1117,-7.8314567,-99.35335
1889,-81.653824,18.43904
1798,-93.50579,12.747001
423,91.49451,-8.55721
1474,-15.202905,-108.984566
145,78.48494,-1.3686043
306,93.99997,11.710439
1137,4.6178136,-89.11529
29,88.67793,2.3213832
1961,-103.432526,4.2456007
662,-21.307667,95.84688
482,78.266464,5.119829
537,2.6068954,74.3442
1802,-82.28568,-8.96458
1808,-93.478745,5.42325
54,103.295334,3.9222558
93,72.49824,12.815256
1927,-89.522675,8.958997
65,66.55882,-5.6575027
1239,-8.333777,-94.24555
88,89.66532,16.48982
1856,-79.23017,-6.4710493
585,12.1186495,115.03754
756,-14.005819,94.91002
499,78.28136,-15.457803
1057,13.029387,-109.7184
1965,-83.621376,4.9210615
1849,-72.606346,14.0177145
374,85.71775,-5.8464117
945,10.868772,102.76358
1276,9.4670315,-92.27987
519,3.6019285,101.83243
1914,-93.47629,-7.6361456
1815,-89.38729,-18.927526
177,87.90033,-5.7699594
1753,-70.68497,-16.353304
1554,-91.28504,11.047606
853,1.563234,97.218636
539,6.5988708,111.25713
187,104.41147,-5.7515707
1049,-15.30362,-89.20961
817,-0.21715865,110.43612
38,82.9016,-18.93014
1115,-7.8208976,-86.50088
1620,-86.94458,-15.78079
1711,-96.048515,18.144724
1352,-1.9313263,-107.38601
95,78.52568,15.286217
399,80.810745,5.2763357
1322,1.6137828,-93.83136
1738,-85.764626,22.194199
456,97.82926,-5.5311813
601,8.622109,88.122475
1838,-88.53902,16.362549
949,11.614252,76.99409
214,65.51639,4.972828
1693,-86.33155,13.717794
1042,-1.2300272,-101.31144
1704,-64.3797,5.580572
736,3.5117617,102.46887
353,95.16148,4.7732663
875,6.2120447,84.85314
1161,12.030429,-112.70125
239,104.32282,-2.3903685
1541,-82.89047,-4.540597
1630,-100.632706,16.009062
1774,-101.63022,-14.648075
102,83.42046,19.69865
845,-5.75931,79.14279
1310,3.617515,-103.12206
1097,14.249444,-80.74993
1599,-85.29718,18.641008
5,76.702644,12.208981
1851,-85.452934,15.729156
598,5.040864,84.53721
1463,13.68029,-101.941284
1387,-6.521419,-115.50587
608,10.766976,90.15405
1155,9.934302,-96.31895
231,95.99586,4.760387
686,-6.4264545,109.07184
1807,-103.25757,-1.3059211
147,68.81916,-16.046295
821,-6.7935867,98.05852
1086,3.9072616,-84.377846
386,62.71945,-2.7274108
1978,-71.71592,5.189131
708,13.01859,97.10985
566,-10.63155,85.430084
1894,-80.61145,-17.970667
1478,-4.9996824,-115.18516
693,-2.9064517,94.209946
243,94.50325,16.994562
1942,-67.91004,3.8351185
1828,-95.19868,-1.193796
528,-10.920193,104.06423
1318,5.2866483,-112.94157
1143,-7.426743,-113.073494
1182,9.768576,-80.66883
1716,-98.521515,-18.354416
800,-20.932568,102.028946
1640,-78.49196,-14.932992
1102,-4.898482,-94.807076
1881,-90.73577,15.806815
650,-9.852626,81.32722
1535,-89.9271,21.810196
1260,6.8015375,-117.491035
1869,-106.52133,1.2876134
1777,-87.610985,13.400442
1868,-85.8812,-9.888721
639,11.095143,80.26923
841,2.168826,79.09754
112,77.48754,-0.63269603
1649,-87.12792,18.17812
1062,17.386225,-110.71504
1270,0.07763353,-104.2436
292,78.05023,10.975038
430,101.72884,-12.54324
1315,21.45876,-91.666626
1300,-3.2008007,-80.107765
458,100.710526,9.729836
1187,-9.549864,-115.790016
290,70.632515,4.398793
1076,-6.809262,-101.17274
1163,14.772503,-111.890816
501,5.974813,103.323654
803,17.580015,108.15829
820,-3.138909,80.7158
538,-9.264953,110.1212
886,-8.431238,76.493164
1025,8.748262,-96.79348
824,6.2053804,105.27346
166,98.48893,10.450725
1194,-4.1533327,-102.334
1198,-12.301275,-80.03637
69,91.11749,4.7086663
1855,-73.81488,-5.63407
1569,-83.84866,-15.086768
1976,-102.221695,1.6802998
1038,-0.2332995,-96.61937
563,11.177579,95.176834
854,-12.012484,77.44137
1219,0.7441471,-110.089165
1629,-89.69285,-22.376219
2007,-29.840525,14.759809
2008,-31.337976,14.710402
2009,-32.44407,14.658926
2006,-29.669613,14.757085
2010,-32.46393,14.626554
2004,-30.44286,15.82794
2012,18.042284,-74.29432
2005,-30.587595,16.081629
2013,17.957935,-74.4427
2003,-30.228468,15.41965
2011,18.146688,-74.10371
2000,-29.888285,16.49493
2001,-30.341534,14.040198
2002,-32.172592,13.875579
