146402,-16.71173,-28.245178
175815,-52.03077,-36.484547
4389006,-35.029037,-95.91664
1250384,-7.2996893,54.993454
885694,4.924033,32.74189
4376131,-35.01425,-87.657906
885086,-36.289837,-58.10287
528686,-15.25747,-48.410595
346302,-22.492727,-26.725534
4015425,-73.42909,-63.65941
964519,-24.889408,33.073536
5290695,-49.942257,-75.959816
4658123,-23.276628,-23.950188
235211,68.5058,52.66742
1250414,-9.79294,31.932379
885683,-10.409535,77.09469
398877,13.51808,48.157795
4376144,-35.520054,-105.768326
6327248,-50.964127,-66.508896
6064996,-45.43104,-64.64799
809866,-15.802074,-27.031082
1532136,-44.926113,-100.78681
4376143,-16.248865,-35.238323
663875,-26.80308,30.855556
6876043,-31.783012,-8.684771
4376154,-60.00952,-64.6825
175773,56.05096,36.3699
485139,-21.40631,-27.13979
809896,40.397957,47.656914
567777,64.501915,42.25795
729560,-36.08611,-52.573906
745282,44.91388,104.23521
1382904,-39.691936,-59.253414
663860,46.37897,108.68
4015424,-57.896816,-67.413925
5290705,-18.809385,-28.17372
1532142,3.7619064,-84.39088
6634168,-36.530907,-102.78349
729568,3.3258333,-87.28587
175782,31.500694,73.682014
1382905,-40.188656,-61.350277
6065008,-19.602,-77.109344
1250376,54.55507,34.435257
6064985,2.292916,-84.17752
4376146,-44.25511,-76.3226
4658124,-66.481926,-46.310436
4015486,-13.554031,84.32491
346331,0.65485495,77.97293
745296,43.39059,50.132816
398849,53.714417,25.84827
1382895,8.2466545,-86.29687
146386,-25.379633,-29.301464
4677365,-33.381893,-93.34116
745713,-5.4645658,66.430695
745300,21.543316,76.67432
5613488,-28.773901,-8.163763
480821,29.865744,-9.933505
5613460,-38.83277,-39.536304
485141,-0.9446966,1.484471
745294,47.86181,20.637043
346313,66.69697,40.696487
6634169,-4.101386,-91.439285
636718,-58.949955,-42.98406
885091,-53.51885,-30.981623
235219,19.742897,-1.2730048
1173157,-18.929594,-21.8987
5613487,-25.556248,-3.2786703
1173156,-50.526363,-18.94754
6327273,-24.3675,-74.34584
1249015,1.0791072,-88.04441
5290706,-63.742645,-78.29728
4658129,-32.111958,-95.00227
5613502,48.998814,18.64016
5290704,0.40672252,-86.90931
4376134,-45.987545,-85.741486
6634108,53.738895,17.072994
568121,17.53267,79.54503
398875,72.68724,50.638405
4389013,-24.664288,-21.176716
1532856,6.4724507,28.145668
4015464,30.387117,18.087593
885690,67.2725,33.234173
6064971,41.734028,45.692413
5613431,-48.374527,-92.691055
4658140,-75.08496,-63.84699
5290720,-42.923683,-63.121845
1173148,-61.560368,-45.91686
5290742,27.288486,38.385212
4658153,-18.49509,30.115778
809894,46.383087,26.153889
1382887,4.7527943,-60.346638
663888,11.013215,79.47818
809879,13.399441,74.69824
4015439,-41.214886,-59.742744
4376140,-57.786083,-55.23131
5613473,32.356808,43.63445
1532126,-61.86128,-66.28282
1183757,11.62168,63.464138
5613456,-74.61878,-69.70147
4376197,-5.0855494,17.109768
809905,50.194374,21.028923
146375,-31.787413,-45.511833
636792,-35.817616,-49.38009
4376169,31.753977,12.102519
1382906,-70.30206,-65.65938
885098,-21.210218,-75.04512
4015460,-21.014431,28.322239
1173151,-50.766087,-33.963337
4015444,-14.324396,-28.262032
1372190,1.7220142,33.992165
1532833,-25.153538,17.488262
885092,-32.55134,-50.895115
6327292,-26.472836,-96.74495
6634110,-30.414589,-89.4321
745316,56.08862,24.202143
5652931,-21.311972,-78.4732
1532850,51.298946,52.66774
6400486,-9.297712,-88.72534
663912,68.67725,46.43689
1372196,45.755375,40.389595
885704,31.298172,66.80987
1532781,27.70866,-30.582684
1372235,33.709854,14.447813
5290770,-8.1284485,-26.30546
1532834,-26.275045,17.726742
175789,72.22427,56.485394
4015419,-63.026646,-67.47632
4015450,5.430677,37.878582
885703,28.81731,84.81755
5613437,-56.10677,-95.33857
809886,45.28288,20.543806
480817,68.03414,44.636703
4658165,23.181025,19.303438
1532138,-12.740055,-27.817884
6064961,51.705654,26.622597
4658136,-22.839062,-76.180725
235193,54.81555,23.048878
1183777,3.4782712,31.397438
6634192,-28.928291,-24.92608
567787,13.08902,-96.94256
6634155,1.8975993,-89.68001
175771,60.69229,71.9025
6634156,-31.448088,-48.06925
4658146,-43.397522,-74.715065
4015449,-23.923086,16.885605
6064952,-32.974728,-5.523552
1532788,-36.203747,0.045687772
6634187,-32.162502,32.314568
5613498,49.89649,50.444576
1532839,32.137096,16.938608
1532122,-23.448742,-77.2199
963273,-12.958387,-64.689964
6634134,-18.180885,-76.952446
6875982,2.8819237,-25.333097
636793,-11.029329,-18.401487
6634174,-1.127408,-61.579327
5290702,-64.98769,-33.236282
6400489,10.207367,-100.08257
1532807,-13.968314,20.96158
4376133,-40.744057,-77.2415
7042494,-18.255892,-79.746376
809908,-22.56065,55.1799
1532858,66.56524,49.2375
398846,65.81639,56.993103
1382902,-43.166985,-106.74509
964533,49.412632,103.58185
745299,13.767283,79.903824
1250386,-17.425777,44.26867
1532818,-60.7262,-11.113871
809909,-0.882483,61.06363
809910,14.839125,69.35811
528688,-40.41694,-48.009922
5290764,-21.11309,31.659561
568112,-24.747509,28.296053
1183754,18.892176,32.767277
885716,52.60479,38.082542
5613439,3.146667,-81.03252
4658156,38.188587,42.219353
6065026,-12.518971,-22.559036
6065015,11.890115,-34.934372
4658191,-22.878397,20.57668
663895,14.820703,81.26076
5613436,-61.580505,-35.700684
801851,-28.44759,-71.43128
964502,33.548077,101.50938
1382886,-63.22984,-62.362072
568118,13.658537,-25.106298
6064990,-77.418365,-42.882854
5332628,5.2538686,-85.02357
6102435,-39.584194,-101.96754
1382891,11.480928,-94.28614
5613451,-16.935438,-76.4896
1532795,15.687166,16.194323
801860,-57.352383,-35.20046
6875930,-47.784126,-73.54526
485140,-28.072258,-32.07875
885688,70.54202,49.773453
5613492,-6.21875,73.02332
346326,50.410515,27.532398
346340,3.2142572,62.316887
5333020,-30.061485,-94.53105
4658174,-6.37856,-6.9414716
4658163,-7.4799876,-12.180561
1382903,-33.4907,-44.975758
5613461,-7.244674,-4.403769
1372188,51.673885,24.891472
4015499,48.984585,22.512642
1250390,-13.59148,77.81493
146360,17.689838,-9.800327
1250413,-19.900665,29.444597
567800,-21.049501,-30.845959
4658127,-33.937836,-104.448654
6064975,-19.970654,26.859705
568116,-9.50587,13.290133
5652398,-5.7024393,-76.215355
6327240,-16.798586,31.597967
4015461,-30.121363,20.217419
5290719,-5.0746365,-44.595596
5613435,-2.614509,-22.964931
1532150,-78.032776,-61.308323
1382893,-0.9272193,-89.66184
6875995,-8.115964,-86.314384
1250362,4.7274914,-27.878094
1372187,72.03662,47.063694
809892,64.75261,45.32071
1372230,19.7564,77.475075
6102455,-3.0612078,-61.312187
5290762,-18.786304,28.005327
480803,10.129446,-24.720448
5613447,-64.30432,-76.15223
1382892,0.72790706,-89.46926
5613453,-42.036667,-62.52015
1173155,-36.08614,-64.61484
6327272,-20.624165,-65.853325
1250404,1.1670641,56.2673
4015467,13.268637,28.711939
4658183,32.740536,18.494024
5290738,38.91096,43.33485
809865,56.231476,41.225353
1183810,30.86479,85.170135
745301,-30.471127,-33.99629
6064959,-24.02569,19.712103
398852,-5.5669246,58.993107
5333443,-25.895416,-85.11406
4658130,-46.54193,-25.198687
567746_1,29.508793,-2.5759509
5613440,-61.113388,-53.91654
636786,-59.816856,-14.269841
809869,46.449146,95.76324
4677352,-2.5984094,-48.405704
1532851,41.86864,48.10031
6327275,-45.111904,-93.26729
6065000,-54.93748,-49.96263
1532857,-0.4997033,34.9228
6102463,-31.382998,-99.67864
4015422,-13.216069,-31.819168
6327271,-15.33913,-78.38872
346327,45.9535,53.14496
964506,38.452175,44.273315
1250402,66.62549,-0.638966
5613462,40.66766,44.552994
146391,-2.4640214,69.1216
1532141,-19.743645,-28.86791
5290776,53.208553,4.7298145
6634150,-5.2409077,49.990936
346321,68.25454,60.944878
5613452,-52.63352,-95.25654
6064956,-26.529127,19.431099
175794,0.07768917,-40.380028
5290766,-29.93223,55.078568
964490,-0.32395586,58.090805
6064965,-6.477568,-8.571219
346312,67.78926,36.397423
5290754,47.242016,23.877506
4376159,-21.422564,24.825287
6400558,-59.744694,-67.799034
1250385,14.822314,64.936485
1249008,-78.232216,-63.976044
4376160,9.715381,39.103218
6400556,6.935277,-53.467896
663883,35.22108,96.1252
1183764,-4.6054883,51.573326
964491,41.65523,92.65513
6102457,-28.521503,-5.0133257
6634091,-54.13851,-67.04501
4376171,28.111427,18.980011
1250366,47.258892,104.58182
6634096,-39.690613,-63.41908
4015416,-71.91029,-66.07557
1372185,64.5611,47.972023
6876042,-41.866943,-66.096085
6327268,0.2865598,-92.16716
729555,-12.050999,-49.166367
4658131,-30.669949,-85.2879
6875969,-55.366875,-70.27485
6634124,-1.7685852,-86.71059
1250412,-11.928947,28.329487
5613472,34.937244,41.545174
1372213,52.171402,34.077354
745329,29.33161,93.001915
1183799,46.001507,24.440994
636761,-26.152231,-38.455086
5613499,39.900295,41.939873
4376150,1.6924491,-28.159023
4376165,-2.5279014,-9.025213
4388999,3.625843,-72.669525
480806,17.64298,81.032745
5290692,-51.12097,-59.555782
745309,-1.9099138,60.437057
4658133,-22.802734,-88.273445
6065001,-9.805458,-29.78813
5613448,-27.309172,-24.504217
6400485,-16.23052,-81.84242
809871,-36.61954,-4.935677
1382885,-57.753445,-38.222248
6634126,-46.7413,-88.95441
6065012,-65.93137,-63.04687
1372194,9.731787,10.438852
5652520,-58.1559,-70.53432
1250400,11.705295,28.625664
4015490,-30.051584,34.488956
4677358,-41.275757,-96.25272
1183791,-41.634243,-8.760473
745298,15.709739,77.951126
6400559,-38.388107,-96.8434
146359,61.139565,39.541855
6065027,-0.09920476,-92.63768
6064958,-11.617645,15.539542
235227,69.343704,58.975754
1250363,59.744495,47.28235
6875959,-17.495646,-87.96371
885699,51.839058,102.35417
663910,48.821377,52.309464
5290763,-16.977379,28.881142
4035752,-58.509407,-65.54074
6876014,1.221159,-62.93104
6875974,-61.3388,-56.719612
4015447,-1.6294411,-10.101706
1532792,7.922145,11.533663
6064997,-28.41551,-26.07035
4376191,-15.0451765,78.87772
5290740,16.209442,-29.12443
4658155,36.74887,42.990017
1382890,-40.41865,-5.9535236
568126,44.51,101.37169
745302,-18.890097,-46.908188
809864,20.68457,-3.2702672
885739,-0.35010076,-17.974968
4376157,6.578099,30.010595
5290768,16.359138,31.487667
745311,-15.460648,44.133587
1372195,45.239223,45.532223
559210,-39.99262,-45.27894
567807,29.622961,58.115307
6875967,-33.929405,-102.5525
528685,-9.632095,-37.412685
5290775,-6.2076783,70.2551
235231,6.6588697,56.77676
745284,58.83361,35.983307
6634127,-1.5099483,-60.078873
7042487,-21.567608,-68.3283
801858,-36.32733,-28.477661
6327274,-73.97884,-60.827866
6065018,-52.55997,-92.54177
568127,29.576727,82.257286
885680,29.533411,91.60575
1372191,13.3973,68.14253
4376187,-34.848125,0.7885503
663929,62.580105,23.378458
1372174,-0.85757166,80.26887
964541_06,15.093669,66.660126
346311,59.80426,58.396397
6634160,-16.141432,-80.17184
1250420,12.608088,78.05493
6634132,-27.051952,54.05836
663869,27.140224,86.87109
964541_08,32.65426,102.586876
480795,1.7675858,28.496368
5333878,-39.128162,-98.34773
6634164,-19.014147,-75.47299
1372212,50.25425,25.959768
6875920,-59.603123,-53.55816
4376152,-68.212845,-53.68307
4658154,4.8003855,40.236954
663907,30.89164,88.26806
964508,49.31261,-32.04025
398859,-31.184738,-14.417899
4658149,-68.041336,-35.947594
5613425,-72.47689,-40.752254
4658178,-18.942596,1.7474056
1532796,-14.120508,75.14925
4015417,-59.183876,-62.65465
5290756,49.25799,63.720642
175780,19.093319,78.81217
1382894,-11.7164345,-27.971104
6875900,16.391352,-89.82004
6064947,31.333609,15.072251
4015465,63.380886,51.58194
559213,-34.76719,-50.523445
4658159,-6.216903,-24.33114
964557,47.592415,-13.2681
5290745,-3.5211682,-76.61708
4658175,-1.818313,19.452715
4376163,49.71437,-28.502157
1250401,10.59578,-60.124786
6327251,-62.206966,-61.12299
636789,-13.764709,-51.19459
235222,67.77808,2.192414
6064986,-55.8165,-87.850525
4376132,-27.74388,-83.06195
5613500,65.62693,32.182533
5290736,1.828977,17.714441
885714,55.992012,37.975918
6327206,-18.035826,0.07749275
6875989,-71.9408,-87.84662
4677361,-32.046513,-102.12502
6875946,-51.037254,-89.408226
5652392,-1.0395713,-87.66351
398869,66.03397,1.9912382
1532794,9.901434,68.29117
6327279,-56.68902,-63.048496
885705,33.13059,80.85392
4015487,53.435722,7.2726126
1372176,-11.662569,78.55384
5290731,-9.339451,3.0491855
6327261,-70.438774,-40.53658
4389011,-39.984673,-91.68473
6102461,-14.24372,-82.41103
6327220,38.22507,40.87962
1372217,11.186048,76.76364
1250374,31.076973,60.897182
745288,31.765394,59.39918
559214,-60.975445,-15.887052
6876039,-48.84557,-93.42675
1532139,-21.913599,-20.948292
5290737,37.275337,41.664886
1382909,-69.10444,-68.77715
4015480,42.974846,26.749584
6327226,-21.730219,-0.37988102
6634141,21.393692,33.362892
1532848,60.82212,55.705654
729558,-57.306553,-16.266703
1372209,-14.099243,33.117184
1532831,68.59089,31.52199
4015471,60.386543,1.3972014
6102440,-57.718136,-68.75177
964540,22.352814,27.869549
1183776,-3.0275586,63.264442
528691,-43.97073,-37.520283
4658148,-67.10606,-77.34428
6102447,-35.38249,-91.71794
809883,50.127075,-30.816778
5290732,23.26741,-30.37581
1183796,43.297028,105.7109
4658160,-11.835341,-29.301098
6327283,-8.766526,4.6190734
745314,38.304985,95.88285
1250408,32.849945,105.58957
5290758,41.342247,28.058668
5613467,29.866266,13.705037
6876004,-3.541449,-58.83923
5613470,-21.2324,29.956985
6634116,-54.546272,-52.653725
6064950,-28.693636,-0.8975185
6875956,-5.789255,-10.962295
4015483,36.500008,73.66268
398870,-35.606903,-35.225285
1372225,24.955246,92.407455
6400553,-24.230194,-60.866005
567784,72.11192,43.433826
1183793,51.047688,-28.821217
4015493,18.071508,78.053
663882,-0.8849258,59.49218
4376198,-14.933159,21.872896
1532145,-64.779564,-37.811768
885097,-17.717403,-43.674614
1532777,40.927517,23.772898
4658152,-4.9764566,78.408035
6065022,-15.90008,-23.187914
4658193,-22.336739,-3.8359656
1532802,7.2753234,65.561844
4035762,-17.75916,-65.789246
6064987,-62.505085,-34.038086
5332593,-1.7295748,-64.15942
663866,-22.566639,-30.894894
963290,-59.597034,-37.099133
6634163,-56.542347,-66.33959
6327262,-3.0289035,-62.65826
1372220,40.41099,26.86776
6327278,-72.49114,-49.217438
6876038,-21.153856,-71.44519
6875987,-5.206421,-66.358185
745280,49.015602,106.90372
4658142,-68.249825,-71.1071
1250353,18.104782,31.223341
4376178,23.141714,39.79651
4015470,48.74127,-29.077028
6327277,-28.54917,-91.85803
6400488,-0.0034307851,-85.32151
4388992,-30.841194,-96.69035
1532811,-3.319017,81.190735
175818,21.527344,-6.8062954
6876032,-19.597515,-80.66208
480792,1.7979515,61.803112
1532128,-61.93993,-28.685545
5290744,49.14721,-27.308542
1532143,-38.33157,-49.9341
1372181,-3.1814418,60.287197
745319,-22.2435,28.339039
1249011,-69.729774,-62.2025
6065003,-75.215836,-65.26656
809907,54.177692,36.616856
6634167,2.1435528,-74.694336
885698,2.5628617,69.65069
6327265,-63.73083,-34.24051
5332586,-26.18372,-23.824139
5613449,-19.831947,-82.18029
4376209,42.950554,44.046776
1183771,26.536957,102.886604
963279,-54.40235,-44.64961
6064976,-16.159737,78.122635
4677353,7.4777765,-46.251812
4015446,68.37283,0.1950159
6875972,-65.688515,-67.833176
6065010,-24.636183,-71.41086
6064995,-61.41123,-55.356403
5652443,-5.5974464,-88.00221
964498,0.31864434,82.1635
235203,16.125566,-12.598641
4015442,13.19697,37.715332
5290715,-33.60465,-85.94738
1372214,48.609905,37.251873
964489,24.642172,107.27176
4376167,-0.27822468,-9.25491
4035766,3.972352,-82.75773
809904,70.88864,45.582653
7042495,-11.619558,-80.76425
6875910,-7.3285794,43.53088
6327232,-22.637558,-7.0089602
4015502,-9.488645,47.417793
6064980,31.707247,37.502354
4389009,-29.39416,-100.407135
1249030,-64.21747,-59.290607
1183797,50.266018,22.93988
6634152,-30.104355,-77.47991
4376151,-45.888454,-56.091694
964507,52.78912,35.800022
398874,13.792993,-21.15804
809932,-19.905155,30.970194
745283,39.54967,104.496956
6876013,-14.243017,-77.200676
1250394,-2.1553652,48.51321
4658188,-29.684467,33.746273
4015479,40.821533,-12.764596
1372219,55.73463,21.388643
4015448,-9.624232,27.48811
5290694,-32.711594,-68.53216
567606,-18.65583,82.094215
1250379,49.72003,24.477861
663898,70.556496,43.92565
963274,-46.454544,-33.388775
964499,33.632774,66.07934
964516,-23.711561,30.790955
6634107,-16.241985,-11.53598
6400487,2.683928,-86.11433
1183772,35.378704,10.573773
4658145,-61.0761,-62.36404
7042490,-9.911615,-61.492126
568105,-7.864523,9.105746
1532819,-69.04592,-60.386597
568119,28.102177,73.97601
480805,38.96007,108.63815
4376145,-43.650116,-94.880066
1183785,-4.206761,41.86441
4658198,14.851321,-26.71477
146387,-26.78958,-30.382183
5290708,-32.440113,-73.43001
6102439,-68.47877,-55.66614
6327216,4.311287,-30.389923
809911,-11.413671,61.921104
809878,23.488777,73.01138
5290780,-7.145155,75.88332
5290749,-8.328337,-9.019813
663897,67.00619,42.76509
6634195,-8.852647,-80.182205
1372179,58.738228,49.77075
5290707,-1.4155488,-58.28301
1532799,-7.826747,58.033558
4376175,41.028255,37.90356
1173160,-51.653915,-47.8657
963283,-60.53565,-30.961136
6634137,-40.882397,-54.758602
1532859,24.095488,40.98626
5613468,11.348161,-98.90612
1372189,42.416607,106.043724
1532790,41.87863,-13.455843
6102438,-37.49988,-98.07123
809891,50.071125,58.712254
6065019,0.9181338,-58.490574
5332611,-2.754608,-95.430954
5613443,-13.063547,-22.16363
1532830,37.149113,53.47647
663848,2.1800382,80.74086
346315,61.388508,25.816267
964522,-13.478735,64.87418
6875957,-7.461581,-82.41564
1173153,-58.75236,-37.716618
745312,45.272385,94.33561
885724,40.55035,102.12306
6634111,-5.894704,-67.999855
6875966,-50.96449,-81.31892
6065017,-51.398026,-79.409874
6064977,-3.00417,51.46655
6876047,-3.26295,-88.07592
4658197,-60.74811,-12.304167
485146,62.07138,56.38904
4015431,-59.569374,-34.35945
6634089,-16.668709,-19.092775
964541_04,59.685383,53.355164
6102456,-12.776766,-76.7035
1372221,17.757315,33.432415
6634138,-26.488016,-7.835471
1250357,-12.068508,37.73022
6327298,-40.303837,-99.2792
1250354,28.985806,67.25306
4015501,-16.797865,80.1907
4658138,-59.309303,-39.2175
4376196,20.194853,30.868475
7042493,-14.800062,-86.626434
6064936,-31.57772,13.570512
963288,-30.056736,-34.975697
663886,30.79629,63.120663
1173159,7.6608434,-97.793434
4015488,33.38102,113.86387
885679,-5.902668,3.2873058
6634104,-66.04438,-76.19305
5333431,-4.94439,-93.377945
4658125,-61.371677,-18.606428
4376192,14.91301,62.13146
6327258,-10.256344,1.0834692
6876008,1.2764041,-60.884754
5613429,-30.1667,-70.39623
6634101,-58.52852,-46.946335
1532805,-2.224899,57.894257
4677368,-3.238766,-93.51959
6065025,-13.891761,-29.86853
1250375,14.959039,79.67743
568110,0.15199712,30.0703
6065024,9.993588,-98.895935
4658184,47.59599,30.16304
1372200,50.999435,106.50512
4015497,57.87018,46.046276
5290722,-23.707489,-79.20825
4015496,-15.804355,75.524155
4389000,-5.8077903,-96.2422
6102449,-10.653148,-89.694305
809906,69.69584,41.328938
4376172,33.653503,19.431446
1532842,53.252876,36.99224
235205,28.469576,-0.07986667
1372208,-4.46988,44.47548
1183783,47.412804,105.73699
398848,61.62048,60.415886
4677366,5.3534675,-44.350765
6634106,-16.927782,19.196701
885696,3.0219934,32.57895
5290759,39.022816,25.718788
1372198,19.525013,105.83716
6875938,-17.804064,-78.58014
398857,11.595718,-11.14633
4376173,67.69517,30.325653
6400555,-21.530008,17.823418
4677370,-35.72041,-61.681164
6875985,-35.937584,-69.40384
1183789,45.53706,48.11189
6064969,4.254352,-31.008223
5652940,31.006704,10.04442
480801,12.778561,-12.173347
964534,40.80095,107.15238
4376205,36.53851,72.539314
528689,-48.841003,-38.724434
6634085,-52.96691,-49.769447
5613495,18.398598,71.50195
6875935,-26.664497,52.273083
1183798,52.468616,23.746153
5652880,-41.298016,-93.94532
5290734,17.518433,28.371166
568111,-1.954431,28.971752
4376168,29.592997,-13.930432
235217,-58.630608,-26.814997
4015433,-71.18479,-60.306538
6875958,-27.111725,-9.776911
6634182,-52.13811,-96.91517
1532133,-16.34588,-72.6558
1532800,30.960297,106.6403
1532810,-0.21879438,79.216705
346304,23.355732,-8.324981
5290696,-34.4127,-61.603283
7042482,-48.822643,-58.200264
4376136,6.892955,-59.538486
146373,28.059946,6.5288033
745317,57.778133,72.88791
4389008,-20.173672,-70.18701
6327281,-53.88356,-88.16555
1183769,-7.317188,10.331773
6065009,-28.825375,-69.70064
1173145,-7.807669,2.4232745
5652433,6.868892,-84.197105
4015421,-67.55053,-58.460865
1532817,-27.781372,40.231842
885088,-46.82673,-39.640083
6634128,12.688993,-87.54163
6634100,-19.867104,-63.63802
4015418,-24.289347,-64.57514
4015432,-65.73356,-25.019035
4376147,-65.189354,-43.84597
5613459,-30.585815,33.067924
1249009,-55.935364,-43.1856
6327205,29.95552,20.041777
6327288,-17.390118,-56.57058
4376174,40.432434,39.92152
1532853,-9.093793,14.403414
4376185,-23.625935,18.070538
6327294,-13.254239,-90.81114
745289,-19.36769,-4.959935
4658169,-23.94923,35.629944
1249014,16.355402,-97.705284
4015420,-38.437492,-73.05121
4677362,-36.21229,-97.068726
5333920,10.840207,-72.86022
1250388,-3.5506008,57.038456
4015489,-30.35289,57.100742
6064991,-64.62622,-77.52475
1250361,61.36936,51.246376
4658195,64.52657,-2.355689
964521,-9.644027,61.547096
5613442,-9.672004,-27.275965
4376179,47.240505,28.501402
6634153,30.697338,39.855644
4376180,42.87069,24.737133
1249006,0.031157978,-81.46954
6064955,-2.4109948,50.03935
480818,71.28534,59.616295
6875992,-19.37832,-78.29268
6064964,47.36637,-2.9117148
1532783,15.488293,33.83813
4658170,40.44598,11.742104
567608,-1.741572,59.36153
5290713,-43.363018,-92.68235
6634165,8.990323,-62.20075
885689,62.863445,49.884064
6064939,50.167408,35.07999
6875986,-39.302223,-93.509415
1532129,-60.95793,-48.75881
1183762,2.5264895,38.925434
5290709,15.382622,-87.591736
885745,31.298605,-12.55463
4658147,-59.378857,-93.12077
1532773,52.429005,19.14733
4015452,37.575237,52.324207
6400491,-27.130966,-69.614655
6102448,-3.9822319,-86.66363
5290698,-21.413225,-64.67984
346332,19.553886,57.931133
4376153,-59.805088,-47.672554
4389001,-3.417151,-79.00109
4658173,38.615868,71.26657
1532780,45.041866,23.65648
6634149,-23.152374,14.0783615
6634095,24.444931,17.28214
4376164,11.655733,14.805717
4015494,9.084889,70.40007
964541_01,42.346596,91.38873
6634151,0.5149276,-23.724276
1249007,-38.49086,-55.2732
809914,-12.886476,57.775856
1250378,66.83854,48.277172
963287,-19.502914,-49.628944
398876,70.05482,57.009716
4035759,-38.12173,-100.524376
6634171,-10.021711,17.052248
1532770,52.754105,28.18518
963293,-40.287407,-32.121277
398863,-21.410177,-49.006718
5613476,-14.266247,39.646763
6876040,9.528882,8.918849
1250399,17.507738,103.26164
964531,13.466011,63.961468
6400557,-12.111261,-78.72867
6327285,-56.00441,-39.895382
636759,-44.45508,-39.22274
5652879,-34.952347,-93.16885
663930,42.138504,82.66664
6876049,-18.548931,-67.81918
4376137,-6.350147,-63.932186
568125,34.993706,108.64795
6064960,-28.475515,37.621273
6876029,-79.37346,-58.819214
6875996,-19.063313,-64.775856
6876024,18.551128,60.96952
6065007,-34.916965,-5.22044
5290760,1.064383,-17.15278
4376188,9.77064,-57.914906
5613483,-11.181023,9.568562
5613486,-25.206844,-5.7326465
5652910,-39.186714,-82.32967
398853,-20.115988,82.30679
1372236,28.380043,82.59307
6875990,-13.304344,7.9912095
1372216,-13.021324,68.346985
963278,-58.891357,-20.242205
6327254,-74.59618,-67.21208
6327244,-2.5790095,-10.57346
663916,12.231038,-81.982956
4658187,33.97198,74.01622
5652885,-32.77119,-91.08811
809877,38.901985,106.76785
4658164,9.333304,11.770962
235228,-20.485607,83.34796
7042489,-26.716288,-78.52531
6102446,-42.571,-60.562386
5290717,-32.410564,-76.48782
559226,-39.601776,-34.8701
6875917,-36.551968,-73.12058
6102453,-6.602027,-84.94905
4035765,-7.203748,-50.872326
4677350,2.5993857,-69.20841
6634181,-33.766678,-51.908497
175804,24.425926,2.4972208
5613457,-25.254303,-79.417244
346305,23.063229,-0.948186
1532778,39.540012,27.517876
6400490,6.1634765,-82.96524
6876041,-8.400208,-91.25012
1183767,28.13648,93.14633
4376193,54.694088,6.220785
745333,47.938934,51.05505
1183760,40.271618,105.85816
745348,39.099453,-12.050363
1249024,-19.569628,-25.214388
6327290,-6.444425,-81.850876
6634188,40.187542,35.107803
745315,32.282032,93.2368
7042484,-57.903187,-73.921234
6327475,12.794202,65.77568
6327293,-37.834698,-99.11967
6400493,-0.21024998,-72.61102
5613450,-15.812928,-66.58233
4658171,-1.8234718,81.02532
1532124,-62.83524,-44.583363
4035747,-35.84601,-42.500774
1532148,-32.424644,-36.310623
1532776,-13.393071,87.91823
4015478,22.334715,41.231693
6064970,19.59398,28.049477
745332,77.06066,38.124065
4015441,9.864342,63.47875
1532793,17.905619,49.810047
1173161,11.687603,-97.1698
4015453,67.04812,31.773329
175830,52.060684,-19.487192
235180,52.061573,-19.486546
1183815,57.64361,-13.437383
663931,57.633125,-13.430964
175784,58.422657,86.8164
398884,58.423237,86.81483
963295,38.565624,-20.536129
1250352,38.56248,-20.536251
1183828,44.499737,-19.686111
964529,44.503876,-19.668938
480815,41.195,-10.846675
528681,40.28825,-10.228467
1532151,-52.88301,-51.778267
6875905,-4.0530553,49.08862
4015469,10.4905615,-63.395676
480819,66.24637,36.158115
6327284,-50.728466,-92.423775
1532835,-1.7428409,32.173996
801853,-46.629208,-36.287094
964538,17.12066,36.169563
809926,39.17003,-10.904592
6875926,-27.317009,-5.218061
6634198,-32.98197,2.8072867
885743,40.136246,-11.563281
5290699,-66.50192,-67.13862
5333023,-36.124966,-92.63973
6875981,-0.41432825,-65.582535
6064983,29.479956,38.91185
663858,50.94693,38.107075
6634189,-67.0884,-63.28669
5613493,-0.47502717,75.86019
568137,47.12211,52.0344
235210,67.04225,58.40898
4658134,12.993784,-100.08878
6327228,34.187714,28.159447
346334,22.501566,79.94912
1250373,16.172455,79.40909
801859,-50.544945,-40.47135
480789,29.720844,60.14082
6875922,53.198227,10.626651
5652530,-28.564568,-57.9257
1532772,43.534946,28.89983
6327212,-14.294517,81.02768
6102460,9.665708,-73.98363
1249016,-21.84622,-21.786736
5652460,-3.8972306,-95.94697
885715,66.552574,44.66579
5290718,-41.59131,-56.398952
1183774,34.42849,12.75997
663867,-32.394512,-22.62448
5290701,-23.291616,-62.686337
6876046,-50.784393,-70.15951
1173149,-26.525927,-0.23490651
809863,53.497818,43.833942
4376155,7.3012247,-100.83948
1532855,-3.7027037,34.293846
1250391,5.7902865,70.355965
568124,34.21046,92.18913
6634172,-50.575417,-84.658745
1532771,54.104355,24.08233
6064942,-5.088731,47.776463
745297,59.26025,39.867653
1532782,23.576796,-32.67829
6876036,-62.835926,-80.68766
885685,48.786346,-30.45637
5290755,-14.936013,7.2132444
4658166,-3.315147,-13.166646
567600,46.444912,106.726036
5613479,15.169684,63.735516
6327215,16.902166,-27.495802
663887,38.636898,68.32489
964515,-28.490208,32.401512
4376149,14.503476,-88.44101
6634103,-59.316574,-87.78599
6634088,-57.821526,-61.240894
1382900,16.460375,-87.92774
4376212,41.601776,49.58841
963285,-54.90248,-39.04655
6875964,-9.6842,10.292577
4015437,-69.065735,-87.091736
4015440,24.264072,26.938328
729567,-50.074314,-29.107967
1532134,-43.03118,-11.96622
729564,-49.12879,-39.8438
6327282,-58.58877,-88.48404
5290777,67.64218,5.442939
4658194,39.890495,-13.442948
1250377,61.368603,48.299633
6102454,-1.1471846,-62.869507
568108,5.8315763,46.695747
964532,30.202414,108.335365
1173141,-39.76086,-55.629604
6102451,-4.762744,-76.57228
480809,18.061035,64.682945
6064988,-53.6074,-95.498535
6102437,5.080538,-83.453255
6065013,14.35573,-99.46401
559216,-17.553625,-24.44647
885723,-3.434902,31.566818
5290710,-77.49173,-59.414894
6634146,-26.760054,-74.79456
346308,29.226357,79.99714
6875913,-28.907877,-105.73731
801866,-18.401512,-44.53288
885684,47.59411,-29.772957
6634179,9.661109,-28.435581
963289,-43.170097,-102.82572
6634113,-50.599964,-93.30735
175807,14.318151,0.7022186
6634115,-11.941523,-90.60092
6634130,-42.406567,-88.97677
4376189,-1.3044885,82.46524
1532801,25.7389,104.68869
4376200,-10.982701,27.201067
4677356,0.07608851,-61.17059
1532152,-26.058992,-60.67593
4658144,-44.651066,-97.466354
6875999,5.2115054,-81.16956
745307,24.30545,-4.867514
1532832,66.48365,30.937983
6634119,-46.860146,-53.826057
6875983,-76.839615,-60.140785
6065021,-78.31399,-60.029438
6327222,29.64439,37.108173
4677354,7.7490163,-41.652588
809897,58.218204,37.25309
4376202,41.88017,-12.308658
4658128,-47.87297,-85.814
4015477,24.095179,-13.642211
4015463,48.60178,14.080287
6327242,-4.545482,43.200706
4389005,-8.765735,-50.563637
5613501,18.960722,24.977293
6634087,-17.65074,-58.068687
4015476,-0.13220999,18.048351
6102450,-4.271846,-93.994286
809895,57.172607,51.417988
1250403,39.949474,90.82511
6634178,-38.79555,-74.98509
6634166,-50.388435,-79.82926
6064968,27.602982,21.194948
4015500,-3.169748,79.08572
6875940,-60.894016,-87.68683
6875950,-40.386288,-73.45269
6634170,-50.822083,-63.61642
6634184,8.959956,-75.76141
4376204,-18.022163,47.673813
4015484,33.615974,108.16362
6102441,-55.533863,-69.41613
5613444,-62.08212,-43.080772
663874,7.124697,-34.584385
1532813,-9.738473,80.78352
6875976,22.979517,16.37309
5290735,41.228714,51.089756
5290725,12.151081,-101.179985
1532841,49.52024,28.224152
4376208,-15.195094,76.56633
809890,45.08641,-29.454348
1183761,-1.5833447,51.955723
480796,-21.6264,82.09002
1372228,17.827623,75.91696
885711,33.85033,111.96298
1250372,52.369263,40.259686
5290748,-25.52721,-11.172703
663871,50.65833,43.171368
398845,13.896354,59.343185
1250396,19.515562,-37.62093
4015481,51.07809,29.64711
1183758,22.64925,71.772484
6327233,-24.81164,53.556644
964541_02,-0.6954944,62.40868
6064946,-0.39952523,81.145424
885702,52.033955,77.55809
729570,-12.0778,-45.151382
6102462,-23.565327,-86.894875
1382889,-52.214878,-41.966248
6327204,33.51272,16.582632
5290728,33.328644,11.115996
885697,-19.817598,66.688965
1382888,-72.4193,-33.398415
5290757,9.550647,31.246834
568115,79.26766,38.574856
745295,66.9885,34.52673
1532823,43.05523,68.68691
1250364,60.08773,48.697987
1183770,41.10479,90.69349
6875918,30.763565,19.424595
235226,62.042477,41.301933
5613474,29.818296,38.151695
1532803,-4.8064165,19.48489
568103,31.220175,65.70064
235202,23.907925,-5.978765
528692,-47.53236,-35.00623
235199,-10.7821865,4.992417
6064972,30.701418,21.570145
5652932,-37.18684,-94.253456
6064945,28.19534,16.939621
6634193,-5.9210486,45.26624
663868,-22.81104,-45.532852
5613482,-20.218853,5.979779
6327259,-57.474323,-84.004105
663909,40.86365,88.29774
398850,59.061733,56.797043
7042477,5.595327,-62.20883
6327239,-22.336128,30.470373
4658192,-34.353672,2.2519228
6875947,-27.713482,-84.72702
745291,55.847073,31.423037
964517,-16.178576,57.22081
1250406,0.8488186,40.78803
6400494,-22.190979,-70.03515
5613475,25.947277,27.985994
146361,24.99646,69.15539
4035751,7.3131247,-49.78797
6875975,32.070602,57.845436
5613489,-25.985119,16.055513
1183820,16.96513,51.049004
6102458,-41.14094,-80.96042
5333437,-16.629923,-74.58505
6634099,-63.559757,-49.783276
6400552,-32.327827,-78.00617
5333911,-9.414935,-33.872326
4015435,-61.9343,-94.4547
5332584,4.0385423,-67.79822
4388998,-0.4517971,-45.906647
809921,7.4759784,-6.9882774
6064998,6.9758077,-87.136536
485143,10.1539135,-3.8158603
346333,46.592487,71.742905
4015473,22.132294,-32.81406
964541_03,47.338924,-31.530605
1372234,33.52798,76.04769
4376166,-1.9115453,-20.27328
5290746,-17.273756,-31.659481
6876015,-31.002758,-73.73891
1382901,-45.76819,-69.578476
6102442,-37.926285,-82.022
885686,4.6671357,45.520996
1532821,-6.7085047,-93.28884
6327250,-78.45684,-66.20269
6327297,-32.73011,-103.54558
5290743,49.841053,-29.64035
663908,41.74909,94.702576
809902,35.567726,111.345436
636791,-17.409416,-45.033714
1532797,45.127323,105.90855
6634173,-67.80202,-85.47204
6876012,-66.94233,-34.90561
6327291,-21.162348,-19.74318
5290752,-45.4753,-61.080315
6065005,-50.12321,-71.65746
4376141,-43.724575,-50.86536
885673,-13.620573,55.26363
568136,-32.030243,56.96649
4658137,-53.119537,-62.689857
745337,-14.026867,53.75914
6065011,15.990134,-74.07182
6634190,-77.96412,-40.420753
6064994,-55.00198,-60.607754
6065002,-74.85469,-61.790615
4376129,-68.32258,-34.202797
6327245,-73.51687,-88.457664
6634158,-7.587925,-89.21227
6876017,-65.56244,-78.345604
5652484,6.760642,-66.91865
885737,26.65331,56.46319
745342,54.040035,99.46033
4015436,-71.30191,-85.3118
5652922,-15.384535,-75.522484
235201,8.584087,-34.90422
4389003,-8.992979,-53.708633
5290751,-2.9765222,-5.390923
663902,32.04907,109.82229
1250367,46.57598,102.249016
5653598,-30.220043,-98.656364
5613496,36.484684,38.880905
5332629,1.327941,-74.023445
1382907,-65.28245,-58.145763
7042485,-69.89534,-56.393883
1250405,43.620125,93.35025
4376158,3.3550177,30.24238
6876027,68.76233,9.008926
1372175,-9.441971,59.22865
809889,6.6166787,64.08289
485154,2.6550128,64.43059
5613463,-63.6421,-10.775472
7042480,-3.7818153,-81.46054
6102443,-57.48681,-63.92124
809912,-15.157202,54.501804
1532779,41.16498,25.783695
235223,29.077196,76.697174
4015454,52.72956,61.680622
6876018,21.406517,32.003212
809867,26.584892,93.71398
6064943,-14.600552,86.36733
1183821,50.366264,56.06821
1372226,26.072535,68.23347
885707,8.9803095,-6.636877
745290,43.098587,54.52863
745318,52.024815,43.221092
5290753,54.650555,8.53198
1183808,34.659695,72.00957
6065004,0.5776617,-53.217148
5290724,-69.92318,-69.98474
1183826,47.4319,-13.989528
7042476,-6.032869,-53.05161
1250389,28.193987,101.08439
6064979,13.835863,-28.121132
6064978,12.5440645,61.374813
398847,46.854485,-13.495993
346324,65.74502,4.0733385
480802,-3.7560213,10.079736
5290747,-24.451738,37.285282
4376210,1.3741353,-11.125009
1372197,35.946968,54.71656
663853,-19.082779,79.8355
567780,71.55288,52.591125
1183778,43.80171,90.5121
5290726,-22.498903,-89.440125
964552,-57.5702,-11.975218
5613506,48.083435,-28.015581
5290727,32.60645,14.436653
346303,26.215582,0.2788388
1183766,-9.886106,34.789864
4015492,17.088566,77.17815
346320,-7.125544,67.828094
1532808,-4.6135297,74.04345
964555,19.405708,34.46364
4658158,2.6701982,20.673618
7042486,-4.5717263,-60.40303
6875963,34.383835,15.926549
5613485,0.5142358,20.078112
6065028,-76.408295,-64.25269
346330,64.02055,4.1915545
6327218,21.8925,-31.130716
6875945,21.107416,28.970207
4015455,-44.38318,-34.269566
6327266,-3.4739861,-36.084984
1183790,-15.1322155,-12.017134
4015451,44.046688,44.90401
4376195,56.995716,7.6593103
745324,69.33731,43.54255
480811,-21.004173,-32.113262
5290769,6.8956804,-32.84059
809900,54.965218,77.29914
6065020,-61.204956,-14.398318
1532852,61.218445,49.406048
5613454,-33.23235,-85.223915
5613484,51.315334,36.459637
567796,-24.1881,-37.695126
4035755,-0.968499,-44.866104
663872,17.418291,58.112488
1183824,-1.4491612,18.019
1372227,27.545399,89.39077
745292,6.5763173,-29.70455
6327289,2.2318826,-72.84108
4376199,24.143913,-33.73412
885678,-35.52946,-4.6177187
4389004,-18.491951,-88.88369
6875941,-25.382736,-1.5200053
1183786,49.690945,38.80106
146377,-7.7098303,61.2972
729561,-42.99345,-39.085865
885735,-30.535452,59.16058
4376142,-19.177748,-48.70013
1532140,-1.4629802,-28.820904
6875971,40.147007,36.657932
745331,78.20904,37.492302
6876035,-16.580338,42.59636
568123,20.297224,79.57545
5290767,-17.247349,36.410988
4376206,18.008875,74.14746
5613455,-39.788643,-65.87566
1183788,9.731837,-33.4092
559215,-60.35747,-8.924873
885093,-36.693707,-45.12674
6876050,-45.067463,-60.717
4035754,-16.794756,-62.501495
885740,-23.731874,-44.420494
1183801,51.14486,105.222855
6064951,-3.5812745,-19.57429
6634129,-10.193012,9.072085
6634122,-11.275796,11.543618
480812,15.227568,60.503036
964494,70.01616,45.357403
4376138,0.23103268,-55.61682
809936,18.373884,7.881615
4035764,-6.8152227,1.673391
4015485,31.914381,105.981705
6065014,-65.1101,-88.074585
4015482,48.80397,16.12895
885090,-37.824776,-29.174072
5333893,-70.72089,-58.300434
6876019,-1.4036081,11.183473
5613458,-44.143322,-85.38717
5613480,14.11634,30.259989
6634102,0.6084054,-66.86824
1249026,-53.186188,-38.29282
745327,27.338839,109.6624
5613430,14.71524,-82.29641
5333564,-28.349758,-98.6278
963286,-26.955269,2.6493936
175795,3.5865247,-32.664722
6327247,12.689357,-73.59995
480813,50.771217,110.141914
7042483,-6.5625505,-39.359604
6327214,12.858517,-62.000618
6064937,9.485631,-60.84353
1372231,47.56992,13.281253
5613426,-26.496643,-70.60925
6634154,-58.216785,-69.479294
5290712,-64.94551,-25.903452
5333248,-19.831362,-89.21423
4376203,66.45912,8.990376
7042492,-12.228333,-89.82201
745285,49.317528,96.8906
4015427,-7.770407,-59.06511
6876026,-65.719086,-77.57727
4035745,-37.732513,-63.015854
4015466,10.295314,29.555601
5613469,-6.8694344,-25.39592
4658143,5.72537,-100.14445
1382884,-42.593822,-102.54575
146378,-33.142117,59.021015
6634092,49.19016,-6.6776714
885721,22.990812,102.71835
6875994,-55.25963,-66.79498
1532845,-37.28343,43.3607
1183800,48.41841,105.50258
4677364,-17.732529,-75.15769
398864,-25.278917,-30.989748
663915,-14.680271,55.87962
4035748,-21.784363,-81.98189
1372239,-29.350233,60.37845
4035741,-48.551258,-45.699287
6634159,-4.709419,-5.2615705
5290711,-18.581692,-69.97385
4376176,31.239136,58.043224
5290739,15.465002,-27.685781
729566,7.6795278,-39.55276
5290697,-70.998085,-48.32205
885732,-15.269526,52.674774
1183765,33.79327,103.317795
1532804,66.770256,7.652175
6327230,-27.854042,-3.5075266
1250409,53.012028,98.642876
1183784,50.131413,94.248215
5290750,15.942613,80.4514
963281,-47.47825,-42.907097
964541_07,-14.882092,-57.816967
1382899,-64.42145,-44.789482
4658177,29.347656,46.940033
175814,12.082557,1.038109
663859,71.94957,51.431805
6327237,-15.167455,87.73954
559211,-28.911163,-46.493427
480794,-23.434177,-38.04802
1372203,56.749783,6.324437
4376201,40.885357,-14.054612
1249012,11.239441,-95.71501
1183814,31.563046,94.76254
398860,21.245281,-2.0882354
1250383,-0.9492157,-6.233144
1173152,-62.71826,-42.20234
6327270,-66.7782,-54.703915
663876,61.27349,5.0846214
4015498,48.207882,15.296972
4376184,32.57032,108.22835
4015491,18.995548,76.44284
398880,51.850864,62.496788
5290779,30.103304,85.87964
636794,-28.226751,-48.24108
6875993,40.99177,48.96775
1250356,26.84745,83.07414
5613490,-7.8603883,74.51404
1249022,22.24872,-34.404266
235215,23.836319,-11.69039
964518,12.182023,94.759544
6327221,37.938396,38.11252
1372177,55.41023,44.31059
1382908,-53.341583,-48.407936
5613494,-1.6738315,77.461044
1372237,-16.473423,52.191223
6876031,-29.323866,26.56226
1532847,46.67227,3.531825
346329,74.466805,52.845806
398878,31.761387,0.2728283
1372183,-4.1945176,20.595263
809930,-0.9262131,-42.37925
5290721,-23.78868,-55.234463
1183822,56.423508,52.50153
4015458,-3.3148706,17.475054
5333895,17.533129,-47.63164
745330,-26.878653,-44.72103
1250358,12.569154,96.27766
663878,2.996124,65.66639
4658182,21.372452,40.159378
964545,8.117016,44.697662
4376194,50.7417,5.5800943
5290733,1.8186873,75.62286
485144,73.35391,54.68225
235204,-19.748434,84.87109
1372192,4.2353234,16.671343
4015443,27.655249,28.506166
6634133,39.851532,38.264194
175821,66.658005,3.0407407
1183811,70.600464,40.107765
1250387,-8.233995,36.322613
1250368,42.542416,107.67427
809934,-8.248972,37.73426
6876023,-58.641457,-86.62745
6064966,52.994534,9.022633
964510,11.302688,-32.95114
663899,68.39691,40.554596
485145,61.925472,66.56495
4658161,8.950588,-83.978134
1372186,25.44269,43.23554
885095,-71.92037,-39.135307
6634161,54.79236,9.779809
6634123,-8.393891,11.832064
6064948,30.350681,12.3311205
568138,19.007843,59.30193
1532854,8.567498,32.887352
5613505,50.555077,-27.558743
5290741,11.854006,-27.872686
4376139,-8.707934,-56.095222
5290772,-63.16139,-13.105873
4376183,39.75617,69.4598
809917,47.81117,52.795223
1183812,-8.520982,67.05398
745351,8.377374,-7.7304125
5613432,14.029287,-72.29071
6876045,-23.692673,-5.223158
7042479,-22.002586,-53.70741
6327238,-15.986422,19.896439
663926,65.05995,38.416264
6102445,-31.132967,-105.39961
1249031,-45.262154,-86.65794
1183795,45.790527,-0.73382044
885089,-43.32079,-28.77981
4035749,-37.323742,-90.20056
4658181,11.806606,37.826656
6064953,32.040295,10.722884
5613504,36.809387,28.379772
663894,2.5170512,27.509026
5613445,-61.32944,-59.677338
885712,46.642246,-33.316124
809873,-14.238373,-11.127584
663857,56.722763,22.225746
4658168,14.36103,23.412767
6064954,-6.3819327,-25.889027
6064967,23.60358,16.988922
4376186,-27.523058,-8.738356
5290771,-33.41988,1.8066412
1532849,22.341366,92.25439
4677357,-1.8984183,-45.39617
809918,75.9373,35.55404
6876009,-2.508491,-19.408812
6875953,45.90312,-2.5075297
1183823,21.256308,93.38549
6327267,-37.89438,-74.08692
6327257,-67.19146,-87.26589
1532144,-32.42292,-69.82878
1372206,44.508667,-2.2042027
6327217,16.176792,-26.670494
6875915,-54.79655,-86.57719
1250371,46.49955,93.85224
6875973,27.065031,-36.898247
175790,-25.704823,-32.016655
6634094,-67.481125,-88.13575
1249027,-29.254444,-57.228764
6327269,-62.198673,-85.22491
4376130,-45.049686,-46.52233
5613424,-75.62506,-37.150696
1532149,-9.116527,-63.160706
6634197,-38.077663,-80.96567
6327280,-59.1514,-85.9364
4389002,14.726991,-100.38179
745322,52.84332,104.72044
6327255,-10.793283,3.5271103
6327260,-64.24097,-26.636875
1249028,-25.115273,-65.79458
1173158,-43.87586,-46.592957
4015474,25.074585,-34.409626
6876000,-50.585762,-78.293365
5613427,-46.805107,-55.136154
6875970,-26.36067,-68.38402
6876044,-16.268965,-56.762672
1249017,9.71313,-93.60208
398854,49.626793,74.898094
5333880,-68.89687,-67.15402
6634157,-62.36275,-32.535892
1532132,-65.54119,-44.974022
885729,-13.34854,66.80849
1249025,50.403492,-6.0986323
6327295,16.188332,-72.61819
809919,65.38434,12.223384
885717,37.732788,65.673996
480797,-6.1717544,61.851738
885677,-42.912556,-38.04671
4658172,43.787228,65.774475
6876010,-57.81547,-81.84196
1173150,10.132531,-95.84414
1532131,-67.79994,-83.99497
5290690,-54.977028,-62.041622
6064993,-39.259842,-73.79347
4035750,-10.533081,-50.43571
4677363,10.719342,-74.039185
6327209,67.69137,8.387484
809868,33.846466,110.88539
346338,63.872425,22.901789
1250381,6.2628536,45.348686
1532827,18.48913,-47.63019
6064989,-14.677134,-29.657824
528697,-38.967976,-33.932476
4035756,-52.08823,-29.485666
1372229,20.689539,103.34378
7042496,-17.674343,-81.99522
4035757,-41.180756,-92.699234
1250360,13.980673,94.52745
801854,-58.416203,-80.73287
1183768,34.793724,112.33911
5613491,0.69097143,80.27239
6327236,-16.246786,85.03219
4015475,-62.45014,-11.996742
885736,29.79589,-12.429531
663928,12.55231,-5.6761055
398851,-1.8080958,79.44561
745310,-18.811668,83.47848
663906,34.441235,93.7635
1372224,-15.447352,86.06488
6327208,19.269056,17.418339
809870,28.748676,108.6514
398868,48.423885,98.1756
1532816,-0.047657955,67.842445
663865,40.220848,103.05497
559228,-12.270583,-46.449684
1183794,34.599003,110.306465
1532815,-12.116772,79.30135
885720,37.703285,64.54103
398883,-23.717709,-39.16257
1372199,25.47095,85.698784
1250351,22.676332,32.702038
480810,14.902655,57.995125
1372173,-0.47611684,77.488014
1372238,46.009632,1.3580155
1183827,30.274931,-11.402195
964525,37.679546,63.360134
663885,65.93939,58.3175
6651934,45.448315,11.723547
6634145,23.492205,28.227945
1372184,25.83365,54.655838
146363,24.62464,3.7072477
6327252,-22.79053,-54.805977
1250370,-15.549829,50.85562
809882,-0.9159919,3.4955518
6327227,15.2436,28.25649
4658151,-17.844608,35.352856
663896,26.173788,-5.563843
6327234,19.600563,59.85197
6065023,-74.640396,-39.1376
6876005,-22.971668,-56.042328
480804,65.31825,5.6484814
6876028,-51.292988,-61.519047
809887,-20.898582,67.538574
480807,28.82442,75.10326
1183782,57.230988,25.714348
568117,61.83405,67.56447
6634177,-12.324412,80.57129
528690,-28.600067,-36.06934
5290761,65.21282,23.518074
1372207,0.5994655,-10.356295
1532809,-11.412054,80.171425
235225,73.64283,51.683144
1382896,-31.637478,-77.52314
809924,53.924965,98.6009
1372242,13.481638,45.817398
964512,-15.957911,80.961365
4015462,-21.813046,-9.298868
6634162,-76.07173,-65.98094
6877722,28.25843,33.954838
745293,34.565704,91.01125
885733,50.087273,4.34182
663856,-2.3167498,8.375467
663890,27.803144,-6.7880516
964514,-13.569274,79.06261
809874,57.469307,31.699932
6064940,36.70447,29.772549
1250418,-25.471151,36.52096
663914,18.472652,-38.692425
1372211,8.890584,-32.607353
4015423,-53.24981,-47.172478
175809,-31.005339,-16.359165
745303,-73.51248,-33.35309
1532836,20.920126,-36.596725
663889,-37.44235,-45.559624
1250419,50.086323,57.01326
1532812,-8.365263,46.605984
1183759,33.484768,99.918755
568114,39.410225,77.73169
5290700,-58.570568,-93.73617
885709,-38.379295,43.177177
1532838,-0.063442655,10.873634
5613471,10.444735,27.195772
1250395,-3.3189614,43.57988
1173144,-73.45374,-34.400356
175805,9.61651,55.801445
568139,64.96686,37.237774
4658126,-5.3604364,-64.80959
801868,-11.92773,-47.319946
6327264,-76.36193,-38.803936
6064957,25.763037,-35.583668
4658139,8.775172,-59.73636
1532125,-56.954067,-34.180782
4658167,-16.752037,50.840828
964541_09,-56.36602,-33.924427
1183806,-55.49138,-16.413588
4015426,-73.51135,-32.18917
4015495,8.335545,67.07002
4658196,-1.297566,45.54644
963284,-49.444794,-34.942287
6875936,51.14729,78.52032
235174,68.9625,56.505917
4376170,39.60197,71.94031
7042478,-16.205818,-58.288097
6875942,-20.808859,-63.63567
1249020,-30.12969,-64.88875
663862,11.717568,2.447678
5613478,-10.4843,33.911316
1372241,-9.479899,38.410503
5613497,-24.08408,25.074684
175796,-33.34909,-23.074783
4015468,-0.46815217,33.391304
636788,-38.854065,-46.954243
801867,-31.947332,-35.27559
6634109,0.056920324,-7.092386
5290714,-43.689938,-96.751816
6400554,-56.622944,-74.1475
6327235,-10.863013,17.348402
885706,39.866302,68.34599
801862,-30.166409,-63.36577
5290765,-21.741522,67.50763
5613441,0.3954567,-51.99191
6327243,29.03022,7.806793
885087,-77.31792,-39.566395
1372223,-20.632668,-10.011888
346319,7.565746,58.000717
1250425,13.680752,24.173622
6634090,12.040626,-61.259502
4677359,-18.87872,-90.055405
729553,-19.780544,-43.895565
4035763,-23.060665,-20.76011
1249013,12.107338,-95.231125
5652890,-18.024315,-63.783978
1532146,-36.48206,-43.46084
6065006,-66.06164,-31.144976
964505,26.148745,-31.922577
6327276,-60.00772,-94.53738
6634194,4.71107,-62.226143
5613434,-49.263153,-73.07487
4015445,-51.134804,-16.7305
6327246,-54.22166,-94.85934
6634139,15.237253,-72.5283
1249010,-49.88154,-45.23195
6875998,13.721485,-81.20471
1532127,-50.90748,-17.297354
6400492,-7.506179,-81.23769
5290723,-31.332436,-90.28638
1249023,-50.1996,-64.25839
6064992,-61.850834,-60.46408
729554,51.19135,-6.7455893
1532846,23.859001,32.960682
6327286,-49.147217,-85.13916
4389007,-29.819675,-65.83118
5333919,-20.329872,-83.06931
4035753,13.798019,-94.6132
5613477,-14.867852,22.679132
5290691,-66.76695,-57.545033
7042491,-16.104115,-12.91273
567745,-48.081055,-39.657288
964526,3.7454867,46.56208
4677355,-48.308456,-44.55698
1250359,22.341915,106.86163
346316,-27.62999,-43.787975
4388994,7.1009436,-51.302513
6634098,-72.87309,-66.816376
346296,61.77131,73.298904
1249004,-57.08404,-30.582867
801869,-56.175343,-57.203186
485142,37.039352,97.2876
885691,45.552567,99.685074
1382897,-47.930202,-85.02089
4677360,-30.075558,-99.63721
1532798,51.84477,103.96383
663911,77.16768,36.58729
6065016,-44.1537,-87.45692
346295,38.51687,77.5067
5290716,-55.550617,-43.816113
5652478,3.351962,-58.177937
568140,77.296036,50.955086
964513,0.95051795,67.62501
346310,18.077744,-5.8439364
567602,18.40833,104.11387
745313,40.109146,94.005554
398867,64.18637,23.714975
1532806,34.31107,70.98625
4658186,47.075096,-4.205509
663863,49.783676,105.35349
964530,16.17093,103.80413
663891,23.877537,71.58702
1183779,14.334178,45.984825
1532786,46.19892,-30.085398
6064963,24.548496,27.916313
1183807,33.27739,77.97198
398895,11.047051,-5.1405416
567609,46.892742,72.71723
1183819,65.0107,13.377348
146388,23.921862,4.0982428
1250382,14.209555,45.01157
398879,23.111708,1.3338287
964524,34.20898,82.819145
5290729,48.272343,-4.78275
485156,76.29964,51.802193
567746_2,54.78585,78.728264
663880,-8.808548,60.431328
567603,1.8208048,66.53745
568109,-1.5710155,3.0327587
568128,57.847164,75.187744
5290730,-5.5915394,31.751368
398872,8.483828,-29.039526
5290778,0.11924215,46.559814
146362,15.14675,2.352912
568133,4.6106358,66.54878
480793,33.079247,0.98615366
4388991,6.9941278,-43.960335
1183780,51.400253,4.3195806
885734,-22.725904,-8.467148
6875931,-26.011496,53.290703
346297,25.212646,56.811024
663917,19.30469,39.26608
1372180,15.816021,65.51726
1532829,-33.07992,55.78396
729569,-12.773717,-47.23322
729565,-42.546658,-33.08635
1532787,-22.323631,12.930878
745347,26.570362,55.36495
885725,0.017954001,3.2680883
4376190,2.0347393,39.86486
636784,-58.931576,-21.767048
6875965,49.030006,39.85221
175837,-15.644216,88.74021
809901,30.453232,93.21228
4658176,-4.2450395,18.591892
1183805,60.196827,45.613888
964501,45.23014,95.66447
146395,-0.96362096,29.039267
6327241,-3.8350964,50.236137
801857,-58.430702,-15.357566
1250369,-13.2961855,38.251682
885681,30.477587,86.69371
6876051,53.933254,9.011858
235207,23.500834,-2.436861
963291,15.185095,-84.64168
4376182,-26.766197,36.807777
6327223,-5.115717,20.626677
1532774,47.409363,19.518068
5290774,-2.68345,53.042004
6064982,45.391964,5.344072
663927,33.732067,98.960846
885731,62.49703,76.29224
1173142,-38.871037,-47.917168
528684,-34.696106,-48.489918
5652467,-0.5343882,-58.957542
809884,58.117645,71.70031
729562,-22.674189,-37.28061
745326,62.37967,4.2792845
885096,-40.378853,-39.13367
1532828,-8.41157,-33.62682
4658141,-70.182655,-61.056877
6327229,35.272198,28.180233
809893,61.26182,3.477077
1249005,-45.621494,-70.92956
964539,-29.719816,26.957016
6876007,-19.32529,0.6830307
6888482,-46.147243,-87.50627
4658132,-62.659992,-70.10844
4376207,-17.87276,31.65397
346309,18.027185,-11.684819
235196,64.048874,72.389656
1250417,-21.731325,-3.283177
1372178,-61.951492,-27.951609
801856,-39.12628,-44.297462
6875988,27.6381,-37.83215
6634121,-70.78353,-86.59172
6876002,-23.900393,54.42698
6634120,-72.87694,-87.594315
6327210,43.553436,19.83899
559212,-49.990425,-37.680347
175778,11.128567,57.51351
6327249,-48.83269,-73.77179
235197,19.39718,0.9502022
6064973,22.683443,20.781258
4035744,-34.972153,-97.95052
6327287,-0.84635955,-28.52532
4035758,-42.469032,-92.05535
7042481,-1.2765574,-22.206583
5333245,-38.137897,-94.54829
146389,-26.341208,-31.558447
1183763,-27.40233,32.429626
4035743,-25.433537,-22.194368
6064944,-14.530953,41.641098
4015438,-59.670986,-17.33225
235189,10.077708,56.852848
6327263,-73.52365,-39.333225
5613438,-44.424774,-72.13953
4677369,-6.8163,-75.004074
963275,10.578285,-93.10484
5332595,-19.217161,-65.66834
6327253,-58.698452,-92.27462
175770,69.40466,57.443687
6875962,55.737686,34.347515
964554,45.597176,19.344315
6875977,-25.31203,-12.171191
6064999,-56.188465,-56.38106
1532820,-17.036749,-20.048157
6634176,-39.640404,-97.20526
4658200,8.468553,-57.95332
885718,41.379765,85.8142
175820,-62.37879,-84.56374
6634112,-40.362766,-64.07235
5613428,-49.238052,-58.7984
6064949,17.229866,51.98726
559229,-16.45171,-55.77028
1183755,38.637627,76.60264
1249019,-11.470981,-50.243008
809916,21.285671,91.95723
5652926,-17.382637,-89.44276
559227,-21.105616,-70.127426
6875961,15.833939,-75.12432
398856,18.909494,0.3371495
801855,15.786736,-98.644806
4388996,6.2386403,-45.755775
4389010,-62.764385,-69.48635
175777,9.111067,57.615944
6651935,-29.166338,-93.25386
5613503,-28.738413,-3.189735
745286,41.884464,84.965935
6327256,-60.56496,-53.258804
5653599,-34.31505,-106.23789
6875978,-40.037807,-75.89559
636790,-30.222015,-62.594326
964535,45.819386,98.88616
4015459,2.4195888,46.708027
964546,-31.495222,58.659775
567812,45.216343,70.326385
745305,53.378345,77.53198
1183829,76.81752,34.883717
235221,12.809243,0.2471323
964497,41.25735,86.87147
663903,53.939865,78.35087
6875968,17.643654,-74.30451
809903,41.80434,84.01393
485151,78.25714,51.150368
1183773,43.787437,67.43407
885692,1.2986399,46.686073
480800,21.41241,94.36374
6634086,18.124855,36.718098
745346,55.068764,54.01935
235229,37.26334,97.914734
235190,50.401424,75.62352
964543,65.94281,13.03586
1250380,4.410563,48.025925
885682,26.013422,92.939545
568120,66.18119,11.16047
559225,-26.51741,-49.053238
346291,17.369303,7.7055206
963294,7.7766986,-40.654934
4658135,6.791205,26.896517
568149,55.615036,53.3731
885675,-15.068091,57.569912
175833,18.189688,-5.190857
809899,47.296196,109.98649
1250416,-35.000748,-57.498825
885687,5.2556367,47.541325
745344,56.868286,75.95616
398899,18.09084,5.7879972
398901,25.94652,57.161808
146397,15.819711,-0.095611095
528682,-26.997282,-48.916866
146382,12.221835,-1.5123152
175781,39.3571,11.138489
885674,-14.16971,57.362675
1250407,50.05223,95.85536
480790,18.678629,39.517864
1532843,67.6057,9.476865
663893,45.86091,-34.074715
6064938,-32.85814,57.90286
398911,8.89551,-2.2669015
1183809,31.34021,81.77444
1173154,-57.041695,-20.107529
146401,38.862816,10.996638
1532825,2.2134798,78.19912
175812,9.649693,-2.403008
4658162,-63.842064,-12.194025
964528,27.387129,108.189
809872,1.529101,68.55967
1532837,19.458849,-38.775333
1250398,20.156067,104.42573
4658157,41.083763,39.10632
1532824,26.21489,108.10153
964523,24.16943,103.047714
885722,25.059843,102.91214
964549,40.994583,24.778606
485155,-0.25647628,20.18401
1250421,56.84569,42.043125
480808,-34.19367,59.79852
5613481,13.5285635,95.57378
885713,38.659557,107.79007
4015456,27.129593,-6.1901183
6064974,-22.922937,36.014698
235181,-0.100665875,16.663113
885738,55.71067,40.133873
809913,-12.519954,52.975502
1183787,-4.940802,31.573923
346342,24.719646,-54.247272
885105_1,-22.810133,-38.77771
235198,-71.358894,-38.40491
1532822,54.72753,5.227272
1250355,33.185814,74.05617
346314,63.847427,45.196896
885726,-12.307078,63.12105
745336,-11.723343,52.48018
4658179,2.740702,37.830067
801863,-34.566418,-47.928757
745320,58.81022,5.3032312
1183752,45.888447,4.590589
1183753,46.37763,12.136526
663921,58.00438,74.20254
6102459,17.06889,-46.948845
1250365,38.067135,94.5849
4658185,52.850918,18.407906
175802,39.68168,76.91089
4658199,12.858034,-27.971462
146383,7.796375,-33.739025
1173146,14.588525,-87.32799
885094,-58.673367,-14.40698
1183775,-8.456373,58.90684
1250411,-26.080898,29.120646
6634131,13.146417,-81.68822
235213,23.11952,80.39189
6875916,9.945964,9.441629
6327211,-28.148506,38.965252
6064984,-24.938122,35.923523
6400484,-19.392923,-87.984276
1532785,7.884022,66.57061
346307,23.952843,75.86334
809876,44.798134,102.66779
1382898,3.5225005,-26.248068
146398,-3.3392308,8.176172
1382910,6.771369,-97.56189
5613465,32.97036,10.042686
5332596,-10.05803,-19.229076
6064941,40.91042,36.017284
398882,56.3796,5.3082867
567610,24.416134,-54.587116
568129,-3.11629,9.167927
6634175,-32.039886,13.282126
5653587,-30.310698,-105.62605
964511,-17.528233,81.61629
1372233,54.415257,4.438668
663900,13.212433,60.586773
4658180,19.850769,31.743889
6634097,20.6949,-37.65834
885728,-36.488888,44.757732
568146,-16.324139,-42.035397
346318,68.89997,5.456099
963282,-43.484364,-28.018963
398862,5.8668857,57.86786
6875939,34.780125,17.20237
1250415,-42.683132,-10.709996
729557,-17.058357,-24.856485
1183816,-42.4798,-10.224251
1532130,-60.94755,-94.44964
745343,11.971184,76.12113
4035746,-38.52203,-82.678
663922,-25.09751,-44.488712
1372232,-9.360625,-35.0405
7042488,-16.19266,-42.385178
6634118,7.0915937,-87.90681
5613433,-58.502697,-74.31742
1249018,-16.47255,-33.658756
6875927,-47.0553,-79.18097
6327296,-9.821856,-38.42833
5290773,-24.469246,52.3388
4015428,-8.875389,-55.060978
885099,-45.54962,-33.842743
4658150,-26.381765,-74.66461
175792,10.747266,-64.45986
5333428,6.977665,-67.84726
663920,51.723278,-5.9190845
5652450,0.3298524,-84.46786
885742,60.521732,45.07484
663851,6.5332704,48.089085
4015434,-67.810844,-71.76286
346317,-6.631712,3.1550152
6875960,-44.96827,-71.58874
175772,69.0102,60.409966
235206,-48.869343,-28.635073
4388993,8.000803,-43.220085
528693,-63.89662,-49.638474
1173163,-39.116833,-32.039875
4376177,11.858101,96.955734
1249029,-43.987785,-107.48003
398873,16.894758,-11.502411
4035742,46.395546,47.866924
809927,-50.162724,-44.634426
663855,14.209256,-22.122395
4376135,-3.780193,-65.39985
235230,18.730242,64.50205
4388990,8.075249,-66.20192
4376161,46.397316,-28.671865
4376148,50.936016,-5.2498474
568122,35.479557,91.59414
745281,44.299534,68.86792
235195,13.2286625,1.4316169
480820,43.576553,69.65184
175819,18.691328,1.2984484
745341,11.0114765,1.7594987
146368,-38.127033,44.382984
568145,21.849998,91.38474
6064962,44.472248,-3.326092
1183817,-34.886898,-57.413967
346337,40.778053,68.75993
346339,17.554373,37.190296
5613464,-38.963966,43.948673
4376162,51.203297,-30.103481
1183792,-5.9236956,61.130783
346336,35.336662,90.668465
235177,13.629235,-0.32170194
235214,-7.626691,60.351704
146392,18.493582,6.9193125
1372218,76.156395,34.448803
4658190,33.012226,81.53849
4015429,7.1912227,27.139866
398894,77.959366,51.955517
1183804,-31.722963,59.604736
5290693,-51.522476,-61.198315
398904,60.957767,73.650795
663904,28.307219,109.76522
568134,-14.128544,67.229744
346294,-21.138088,83.94145
1372205,21.645903,106.815475
663919,17.296188,6.8298287
964563,78.67295,36.63666
235188,61.815876,74.20793
1372210,5.0855,48.703724
568150,11.023825,-3.2440393
745328,47.750526,109.48467
6327231,-1.4365681,50.00939
235200,12.497472,-4.8699646
1532840,46.66203,-1.5596375
235191,50.134937,109.36373
146380,64.557236,22.438135
346306,-9.812572,78.22191
485152,12.858326,94.26566
6327224,36.51253,39.49827
745338,30.857887,-2.9930072
6634117,45.473854,-4.4451075
6064981,-18.112522,48.089462
146390,19.059437,79.89
964542,-14.179672,66.451614
964500,23.042753,103.64369
146379,51.162277,109.24121
4388997,7.6845355,-47.506836
1183813,61.30305,39.17445
480799,49.93737,106.99826
175811,29.123503,47.348408
235194,18.348225,28.949968
809929,30.856392,-8.773487
146374,8.173819,-28.475582
745287,17.956335,104.64188
175787,29.258715,-0.16057399
398858,24.250238,-10.9751625
480816,-31.346159,-16.683681
485158,47.453007,50.47577
745334,-59.722816,-15.811405
346298,17.583117,0.028418137
885700,50.022213,97.35089
809923,-57.724632,-13.827854
1173143,-28.263283,-46.174423
964553,46.06859,-3.5720167
568144,22.591879,76.54025
568104,-4.3502426,9.144955
1532137,1.9563457,-28.847847
964564,29.094748,66.68415
4677367,4.4337277,-72.72738
809875,40.88365,107.87318
663923,-33.758495,56.257904
885672,-14.829827,44.12697
528694,15.223222,-20.73847
398896,61.93108,71.95971
1249021,-58.45796,-21.997509
636787,-49.706894,-27.800522
745323,25.058855,70.017784
801861,-26.964949,-38.55214
6634144,34.418365,19.610355
146399,16.936525,-12.969034
4015457,17.323017,15.5924
1173147,15.589444,-85.14691
5333917,-31.88386,-14.589841
4658189,50.77208,94.78036
885104,60.331127,4.679336
885101,-40.315186,-31.063221
1183803,9.997489,-23.663317
4015430,-54.05872,-48.385365
6634143,-56.931217,-83.76282
1372215,57.33612,32.169712
745321,-7.6619086,37.95862
485157,9.650749,-5.613199
663913,12.023002,73.776245
235212,61.73859,61.05473
636782,14.46003,-20.496595
964547,33.38611,0.25277787
1532135,7.9080567,-49.387238
1372222,20.030628,34.888226
809898,50.603218,43.97788
801852,-52.53917,-41.80785
146370,67.220955,3.6579094
885103,-50.414257,-28.279013
885744,30.6813,-2.4066424
663901,29.617668,94.263245
346328,42.625957,54.59581
4376211,25.185863,42.830242
745306,68.48655,40.011917
6327219,39.208546,48.91504
1372240,-64.42618,-11.340119
1249032,-42.478817,-106.87696
6875906,-65.03268,-88.529526
885676,-40.890827,-5.7856674
346341,15.789477,67.542915
6876003,-64.74148,-38.41615
6876022,-56.946136,-94.84853
1250392,-3.6882055,45.136868
146416,16.848463,15.8906765
745350,12.800558,73.81825
885102,-4.76578,-64.42592
4389012,-22.05927,-82.45326
6327207,23.803713,19.478024
1372182,8.199117,32.892773
964551,32.60253,59.424255
175791,-58.512844,-27.224636
885727,-24.873165,-1.1388252
6876021,-72.90153,-49.47833
4015472,10.271324,39.112373
729559,-41.116512,-31.40624
885710,63.593052,73.283806
146413,5.8507967,56.46647
636785,-40.703335,-45.04498
801864,-44.055077,-33.500042
480814,14.116419,-96.13228
801865,-10.322094,-18.015066
5332610,-1.3454958,-42.71094
235224,57.207355,24.113438
528680,-32.28591,-9.099258
346322,-8.814697,-37.849056
235175,24.700476,-11.581334
485147,-21.89567,-48.698803
5652895,-21.77971,0.3991027
5613466,-5.6994076,-53.21316
1250410,-74.3022,-32.217426
146372,-30.589659,-47.692223
963292,-6.3535237,-84.59112
1173162,-12.139795,-63.836987
5613446,6.946962,-101.46269
146369,-36.389675,-35.25575
6634191,-46.61973,-79.63472
885693,-25.621357,28.12832
