146402,-39.69201,23.50485
175815,1.5603712,47.148533
4389006,-13.110518,87.49893
1250384,26.375395,-44.330414
885694,35.898388,-23.295137
4376131,-7.008821,84.1163
885086,-37.979156,52.999115
528686,-13.784768,34.712147
346302,-40.30033,30.465055
4015425,-16.399567,64.5035
964519,23.426544,-22.3665
5290695,3.2921858,81.4737
4658123,-44.710285,31.403141
235211,-16.09085,-32.692368
1250414,33.42151,-24.776997
885683,4.79489,-83.324036
398877,19.29027,-40.324116
4376144,-20.066662,91.35053
6327248,0.6469822,78.54759
6064996,8.437654,70.23924
809866,-40.734585,23.481148
1532136,-12.246807,96.21243
4376143,-32.205532,25.298887
663875,23.808807,-20.572203
6876043,-28.553001,2.6637092
4376154,-7.313387,71.59154
175773,-20.88302,-45.328815
485139,-39.330917,29.529526
809896,-22.59585,-35.198994
567777,-0.29303604,-32.59639
729560,3.577604,30.851978
745282,47.597805,-73.292206
1382904,3.4003496,68.241135
663860,51.215244,-74.58298
4015424,-10.925486,74.223
5290705,-37.66508,23.151373
1532142,-46.90038,40.70447
6634168,-17.202862,90.91766
729568,-48.188606,37.82198
175782,13.361711,-67.66106
1382905,3.2148058,69.79196
6065008,-37.774303,68.61801
1250376,-22.878128,-45.064083
6064985,-47.8456,39.44697
4376146,11.126398,80.79034
4658124,1.7602006,62.574112
4015486,8.589899,-90.50947
346331,10.768391,-74.84961
745296,-23.971834,-33.715496
398849,2.799323,-26.585106
1382895,-45.548412,34.347176
146386,-28.984081,20.369328
4677365,-11.955972,85.09789
745713,18.227844,-57.61474
745300,12.709771,-60.341892
5613488,-24.594881,2.153241
480821,0.08140764,-2.0568442
5613460,1.0761236,31.68048
485141,-10.016176,-5.018057
745294,9.909265,-23.035837
346313,-7.812917,-32.501305
6634169,-55.29774,40.82043
636718,-3.161586,60.969936
885091,7.6594095,48.495586
235219,12.682805,5.7883525
1173157,-43.31834,24.556658
5613487,-26.244589,5.95539
1173156,22.934238,54.934364
6327273,-31.076805,66.725494
1249015,-50.857708,42.304302
5290706,17.149765,84.98975
4658129,-1.2535942,93.8524
5613502,9.409447,-20.998993
5290704,-49.751534,41.722965
4376134,-1.3036059,85.87927
6634108,31.04471,-5.165702
568121,9.515295,-57.43376
398875,-12.946367,-37.321247
4389013,-43.716972,28.457626
1532856,36.565914,-19.390944
4015464,-31.364155,-50.12308
885690,-9.648297,-27.141434
6064971,-21.7293,-31.724756
5613431,0.040652037,91.45009
4658140,-17.765554,65.17255
5290720,6.3967333,70.71359
1173148,-1.2578026,58.94524
5290742,48.11013,-18.562685
4658153,27.585392,-24.575174
809894,8.696438,-27.950117
1382887,-27.774372,43.492077
663888,8.930258,-51.011982
809879,12.827018,-53.248116
4015439,4.908804,68.99199
4376140,-10.53104,58.59346
5613473,3.3159084,-35.028152
1532126,-8.152101,70.33004
1183757,-5.1187396,-56.779896
5613456,-17.775652,70.7725
4376197,-21.883072,-13.631574
809905,8.25275,-23.037855
146375,9.169831,30.957638
636792,3.9628932,32.734413
4376169,-38.176765,-51.973156
1382906,-13.873585,66.76053
885098,-35.601227,64.05546
4015460,28.387928,-22.211226
1173151,3.381369,46.26476
4015444,-40.956024,21.738905
1372190,39.265842,-21.855679
1532833,31.649069,-13.9236555
885092,4.1175184,29.276943
6327292,-17.422852,81.78622
6634110,-11.208821,81.538376
745316,1.2488284,-24.286459
5652931,-33.803062,69.09012
1532850,-25.757368,-30.217703
6400486,-48.11753,51.29394
663912,-2.8587394,-33.175697
1372196,-11.878749,-32.891514
885704,8.137766,-65.19912
1532781,32.006973,25.039715
1372235,-36.058556,-50.097897
5290770,-45.43687,17.73536
1532834,30.730448,-13.826553
175789,-11.873877,-42.538757
4015419,-9.174437,69.79856
4015450,45.798927,-24.007784
885703,23.847565,-75.4549
5613437,6.9854035,92.97365
809886,11.742029,-22.909378
480817,-6.194658,-35.6539
4658165,-28.910875,-57.825535
1532138,-42.077816,20.943426
6064961,5.781456,-24.459768
4658136,-32.868717,67.63641
235193,2.560042,-23.792526
1183777,37.26429,-23.748816
6634192,-34.82682,19.593
567787,-60.12581,57.280388
6634155,-51.68496,39.997185
175771,47.063473,-46.470314
6634156,7.663736,29.487093
4658146,11.974426,79.48297
4015449,32.720913,-13.476
6064952,-20.693327,3.0212007
1532788,-8.5926,7.4615626
6634187,18.694242,-20.811977
5613498,-28.839176,-29.916029
1532839,-33.602623,-51.35414
1532122,-33.169994,66.61107
963273,-20.598059,45.538776
6634134,-36.54957,68.32454
6875982,24.113472,27.384771
636793,-32.389156,30.259117
6634174,-29.302164,49.894367
5290702,9.479902,53.191273
6400489,-57.62977,59.62881
1532807,-17.682444,-14.224541
4376133,0.478135,94.470314
7042494,-37.374504,70.823135
809908,0.13048768,-53.76915
1532858,-1.1518575,-34.666325
398846,-7.9698744,-44.696865
1382902,-18.681358,97.01417
964533,49.428257,-69.82371
745299,8.93475,-54.18027
1250386,-5.1638575,-71.02791
1532818,29.947289,46.20382
809909,23.575842,-58.914974
809910,-2.8583372,-60.973698
528688,6.411656,37.790676
5290764,25.813902,-22.800795
568112,26.740103,-19.152617
1183754,44.858017,-8.813782
885716,-23.60777,-49.025246
5613439,-43.580086,39.96976
4658156,-17.722263,-29.53857
6065026,-48.555252,30.472616
6065015,47.641117,-4.787275
4658191,33.05165,-16.72759
663895,10.087574,-54.80241
5613436,5.9597445,53.740314
801851,-28.976324,63.29942
964502,39.562767,-78.85155
1382886,-6.1786036,66.96812
568118,25.64399,17.33544
6064990,15.603789,77.02565
5332628,-46.10891,39.2721
6102435,-15.469368,92.44352
1382891,-58.406025,55.123737
5613451,-37.352737,67.38391
1532795,-10.766668,4.2919164
801860,4.506694,50.8836
6875930,6.5948195,80.99403
485140,-26.002035,18.515945
885688,-10.556709,-37.458233
5613492,4.7827,-79.457535
346326,5.588968,-26.87717
346340,21.5093,-51.338734
5333020,-14.283178,82.09405
4658174,-33.893265,-24.474323
4658163,-34.876022,6.9869323
1382903,10.101925,32.05299
5613461,-27.413593,-22.98682
1372188,4.6174283,-25.671167
4015499,8.670677,-24.736763
1250390,8.472638,-85.3522
146360,9.392011,11.388335
1250413,27.661041,-23.431913
567800,-27.601748,24.09866
4658127,-19.692486,89.71441
6064975,30.019688,-22.46276
568116,-14.54521,-17.41904
5652398,-41.54314,49.03984
6327240,26.832153,-26.511028
4015461,-0.98631537,-14.853006
5290719,-53.502598,27.17599
5613435,-46.2132,12.370481
1532150,-19.614862,62.16173
1382893,-52.9024,40.847378
6875995,-52.872093,46.895794
1250362,22.487747,24.99444
1372187,-8.830482,-36.203262
809892,-9.697228,-33.560947
1372230,11.790355,-59.172684
6102455,-28.36818,50.395874
5290762,29.112597,-23.632725
480803,21.205278,17.127146
5613447,16.913027,83.34365
1382892,-51.414394,41.047096
5613453,6.118006,70.00133
1173155,-37.09097,76.89867
6327272,-29.956354,74.36501
1250404,1.9728718,-73.54127
4015467,38.75949,-14.126161
4658183,-33.533222,-52.5391
5290738,-18.102066,-30.608778
809865,-17.893843,-48.633366
1183810,24.557487,-73.632416
745301,-10.571609,38.8658
6064959,32.13746,-15.845905
398852,26.885159,-56.062187
5333443,-38.858715,60.77483
4658130,12.519736,39.941006
567746_1,5.920261,-0.32207397
5613440,-14.224632,58.264355
636786,26.774025,47.89004
809869,41.915916,-68.315414
4677352,-55.519394,32.61274
1532851,-21.347178,-34.84035
6327275,-4.5469084,91.61708
6065000,-6.6829743,54.465317
1532857,41.341965,-23.659605
6102463,-16.9093,86.14783
4015422,-39.68168,19.299017
6327271,-39.417088,67.084564
346327,-26.154903,-32.98705
964506,-17.783792,-31.339787
1250402,-38.47597,-24.90882
5613462,-20.406538,-31.478878
146391,-0.12864524,-80.71843
1532141,-36.86065,23.864426
5290776,-40.924644,-36.844337
6634150,26.252663,-37.03798
346321,-9.347216,-47.87568
5613452,3.9842782,93.374275
6064956,29.965626,-15.036352
175794,-18.706308,19.32261
5290766,45.834328,-33.565254
964490,25.332434,-60.731792
6064965,-35.150185,-24.11098
346312,-7.7160306,-28.55348
5290754,9.954144,-26.117765
4376159,30.7414,-19.925291
6400558,-9.759261,73.15706
1250385,-6.3467445,-58.74747
1249008,-20.02061,66.23306
4376160,43.10694,-19.955084
6400556,-26.014927,41.701504
663883,36.059677,-75.88765
1183764,25.79109,-38.471333
964491,36.849037,-69.38163
6102457,-26.159908,8.808594
6634091,-12.633543,75.24967
4376171,-31.931477,-53.83307
1250366,49.16208,-71.774345
6634096,4.138257,72.022736
4015416,-14.923505,68.038025
1372185,-7.129239,-39.134888
6876042,7.338599,72.99203
6327268,-53.352043,43.630688
729555,-17.050201,34.64951
4658131,-37.156624,58.195328
6875969,-6.915772,75.13964
6634124,-48.684437,43.94286
1250412,25.904097,-11.567836
5613472,-16.219461,-29.163586
1372213,-21.963917,-48.50529
745329,30.144941,-79.18875
1183799,10.58149,-26.981474
636761,-4.261289,17.362167
5613499,-19.123861,-29.887419
4376150,20.4714,27.801188
4376165,-35.147476,-20.103601
4388999,-39.047054,41.721798
480806,8.480545,-57.40716
5290692,-0.79486793,74.066
745309,24.589808,-59.424812
4658133,-21.137909,71.556915
6065001,-11.938321,52.897255
5613448,-36.168365,20.160147
6400485,-40.877514,68.37397
809871,-18.689793,2.5300443
1382885,2.34776,52.55975
6634126,-1.8276987,88.359726
6065012,-11.8835745,70.000854
1372194,-3.4782724,2.1446724
5652520,-8.759871,76.472084
1250400,38.698425,-15.562443
4015490,20.617748,-19.648571
4677358,-9.194906,91.860214
1183791,3.9350865,16.35296
745298,11.186489,-55.734833
6400559,-11.316603,90.75598
146359,-18.333996,-40.81596
6065027,-53.655872,43.372776
6064958,-17.18847,-18.688704
235227,-10.927199,-47.17304
1250363,-3.472148,-39.531315
6875959,-43.731,59.7601
885699,49.884754,-67.621666
663910,-26.953127,-31.254576
5290763,28.858923,-25.357826
4035752,-8.151677,72.47454
6876014,-28.536137,51.95557
6875974,-13.991388,60.21037
4015447,-35.582508,-19.082998
1532792,-4.4672527,0.6576201
6064997,-34.681458,20.622107
4376191,8.397491,-86.595825
5290740,29.398712,17.13623
4658155,-19.18171,-28.580173
1382890,0.824201,15.727909
568126,45.371166,-72.279335
745302,-10.61799,32.56184
809864,-0.53534126,2.203823
885739,-43.977097,7.48136
4376157,38.430244,-19.249866
5290768,45.72634,-11.553328
745311,-5.6587806,-69.41826
1372195,-25.79138,-36.007027
559210,9.750412,37.37413
567807,-17.43935,-65.21917
6875967,-18.198954,89.06098
528685,-21.460264,42.94695
5290775,17.315668,-60.829315
235231,24.707014,-49.50149
745284,-19.073578,-44.29027
6634127,-30.498062,50.14544
7042487,-27.003313,73.796295
801858,-35.75705,26.846369
6327274,-22.210472,65.52224
6065018,3.9623537,91.03095
568127,21.156342,-74.8329
885680,29.277922,-78.118195
1372191,-3.460028,-59.354504
4376187,-9.657484,6.8055863
663929,-3.077421,-21.314732
1372174,11.629929,-77.02504
964541_06,-5.349196,-60.248814
346311,2.4323962,-42.054306
6634160,-39.113308,68.645645
1250420,9.904126,-52.58409
6634132,4.0532494,-11.675564
663869,20.860954,-78.275024
964541_08,39.553303,-80.12772
480795,39.847355,-28.23916
5333878,-12.547279,90.83905
6634164,-35.530506,68.90957
1372212,5.935868,-25.904495
6875920,-13.499524,57.340538
4376152,-6.3461127,59.248066
4658154,38.12143,-41.00454
663907,26.865591,-75.26373
964508,44.75213,3.955391
398859,-23.511076,13.702294
4658149,11.827204,54.79402
5613425,17.979485,59.867355
4658178,-30.703627,-2.9241707
1532796,12.703214,-86.1736
4015417,-5.061993,70.113945
5290756,6.2745914,-38.283115
175780,10.947864,-58.021717
1382894,-42.525673,20.227362
6875900,-57.063904,50.6923
6064947,-35.92114,-52.198616
4015465,-1.108897,-38.45757
559213,5.071116,31.353815
4658159,-46.46198,15.822554
964557,9.121642,-7.0967374
5290745,-41.78656,47.226852
4658175,-25.234058,-13.47146
4376163,46.50329,5.9986134
1250401,-29.099354,38.238678
6327251,-4.7277794,66.83548
636789,-15.363479,37.523037
235222,-42.798058,-25.826424
6064986,5.504816,86.92896
4376132,-36.031044,60.62885
5613500,-9.173552,-25.38018
5290736,-24.080662,-11.052525
885714,-20.26975,-46.512524
6327206,-32.1732,-2.5577242
6875989,21.21727,71.2377
4677361,-18.664389,87.5297
6875946,8.5462055,85.80166
5652392,-49.036392,43.083355
398869,-42.284355,-27.224327
1532794,11.803363,-46.03597
6327279,-4.884281,71.74537
885705,21.804363,-71.72438
4015487,-41.893536,-38.924015
1372176,7.2319894,-84.21349
5290731,-16.15434,-7.7017007
6327261,19.492853,61.382507
4389011,-7.4558883,88.06611
6102461,-42.682323,66.481186
6327220,-17.450788,-28.043333
1372217,10.920704,-51.4645
1250374,-15.620907,-66.5929
745288,-16.986942,-66.8808
559214,25.56316,47.88077
6876039,0.5789521,91.78731
1532139,-45.075764,26.702938
5290737,-17.863758,-28.852232
1382909,-11.371707,66.6207
4015480,12.313936,-28.313156
6327226,-29.791964,-0.076838925
6634141,44.32639,-7.1377096
1532848,-5.11575,-43.777115
729558,26.148825,49.25906
1372209,26.653275,-30.235174
1532831,-10.486107,-24.584377
4015471,32.12769,-29.52357
6102440,-9.625299,74.93106
964540,50.618896,-9.674543
1183776,23.571957,-56.004738
528691,-1.4312431,35.556286
4658148,19.649782,83.609146
6102447,-9.574315,86.13628
809883,45.65306,5.0466866
5290732,36.648937,20.457106
1183796,47.62039,-75.23222
4658160,-41.76527,19.476128
6327283,-15.334673,-8.818933
745314,36.924946,-73.6352
1250408,41.512054,-81.859825
5290758,10.471816,-31.623852
5613467,-36.98391,-53.757072
6876004,-32.000652,51.79377
5613470,27.138355,-22.330362
6634116,-9.848657,53.919758
6064950,-23.432413,7.19137
6875956,-37.855747,-21.925747
4015483,10.933046,-70.43065
398870,-6.9138474,42.31882
1372225,26.932055,-80.46288
6400553,-21.12256,56.8762
567784,-4.51524,-32.27734
1183793,47.05403,5.1462164
4015493,12.232648,-58.098892
663882,24.783003,-58.451374
4376198,-16.953285,-12.989582
1532145,4.057498,56.85555
885097,-9.768934,29.370659
1532777,12.522222,-31.769753
4658152,7.7916384,-78.573746
6065022,-36.394943,31.94192
4658193,-30.088194,5.955455
1532802,15.0039425,-46.247864
4035762,-31.296913,74.10438
6064987,7.5864935,53.406193
5332593,-31.665014,47.799873
663866,-27.622078,22.841347
963290,3.8167858,53.411926
6634163,-11.605208,76.88295
6327262,-27.06464,51.142624
1372220,10.602878,-29.565414
6327278,11.379037,63.69617
6876038,-27.454227,71.95554
6875987,-34.93578,49.045456
745280,51.831425,-71.54614
4658142,-9.477224,66.58813
1250353,45.87056,-10.083412
4376178,18.538267,-28.464264
4015470,45.68035,6.007367
6327277,-13.069943,78.23914
6400488,-50.159687,40.10896
4388992,-14.981333,84.2639
1532811,10.7628,-79.0799
175818,6.646043,7.3263383
6876032,-38.83264,70.81813
480792,22.371338,-52.148235
1532128,7.935244,56.588863
5290744,46.96239,6.993961
1532143,4.9252305,36.207226
1372181,26.304855,-59.060513
745319,28.391903,-21.242085
1249011,-12.491798,64.5094
6065003,-17.396042,66.49312
809907,-22.072004,-47.263176
6634167,-39.42738,44.146477
885698,20.918207,-55.568302
6327265,8.278609,52.599106
5332586,-37.166607,20.180727
5613449,-39.888527,71.80782
4376209,-24.037113,-37.360165
1183771,35.536686,-86.2681
963279,-3.2563107,51.983746
6064976,9.00815,-87.58645
4677353,-14.44602,23.726448
4015446,-39.69254,-23.336414
6875972,-14.568332,72.06481
6065010,-34.659214,74.203384
6064995,-13.549742,59.35751
5652443,-48.97137,48.527584
964498,13.50929,-77.20054
235203,8.28565,13.995311
4015442,44.053154,-17.246168
5290715,-6.2220826,82.26287
1372214,-27.43632,-47.888847
964489,38.09748,-87.48582
4376167,-34.70167,-18.280828
4035766,-45.11634,40.00838
809904,-4.6302547,-33.78785
7042495,-49.047897,46.827328
6875910,26.69832,-31.410225
6327232,-33.45272,4.7727084
4015502,3.0200508,-54.14689
6064980,51.22222,-18.115496
4389009,-18.361399,85.02506
1249030,-4.722175,64.44981
1183797,7.568541,-24.424217
6634152,-26.42103,79.03934
4376151,16.081463,68.332275
964507,-23.20352,-47.9778
398874,23.040653,13.833027
809932,26.383198,-23.774633
745283,44.917896,-77.352585
6876013,-38.9843,65.91759
1250394,28.932604,-37.335995
4658188,20.171684,-19.842785
4015479,29.89174,2.4398906
1372219,2.8034742,-22.30126
4015448,27.754322,-10.445724
5290694,-26.278816,54.6733
567606,4.086173,-89.38798
1250379,7.223284,-25.629711
663898,-5.503169,-34.04983
963274,-4.0577173,38.539303
964499,8.582328,-67.79765
964516,25.748425,-20.786737
6634107,-24.136974,-2.4947596
6400487,-48.272186,40.521214
1183772,-40.409084,-50.349957
4658145,-4.7546,68.34911
7042490,-23.393324,46.983856
568105,-11.184126,-14.780086
1532819,-13.62775,63.07006
568119,21.3681,-64.37645
480805,47.547787,-79.765076
4376145,-6.7420993,92.332016
1183785,31.687502,-31.748663
4658198,27.717155,17.84691
146387,-26.162981,20.423712
5290708,-21.901537,76.30009
6102439,-8.206499,60.977043
6327216,20.305775,24.444923
809911,27.556086,-51.70126
809878,4.6686053,-49.576843
5290780,2.8983114,-78.57933
5290749,-36.774574,-23.881598
663897,-7.633648,-34.17504
6634195,-44.768375,50.562035
1372179,-3.0573819,-40.83641
5290707,-29.837263,48.11293
1532799,27.363098,-54.28934
4376175,-17.668627,-23.934513
1173160,-7.4791613,51.59393
963283,5.90565,55.29695
6634137,5.9080744,65.23844
1532859,18.404312,-27.32016
5613468,-58.753372,59.134632
1372189,47.425884,-75.95298
1532790,30.852259,2.7702065
6102438,-12.251178,92.05558
809891,5.480691,-45.07693
6065019,-28.254913,47.68818
5332611,-57.628437,39.395363
5613443,-48.260868,29.971506
1532830,-27.076967,-39.51549
663848,13.726732,-74.93121
346315,-4.2590556,-23.197266
964522,9.782828,-47.826244
6875957,-46.567883,49.20021
1173153,3.036595,53.189774
745312,40.31558,-68.31828
885724,43.846264,-75.47015
6634111,-36.368225,49.220757
6875966,1.0569139,83.07406
6065017,0.2243335,81.03682
6064977,27.046741,-39.151573
6876047,-50.83051,43.99965
4658197,29.162134,46.701946
485146,-6.0259533,-43.30525
4015431,6.3352327,51.612286
6634089,-46.100887,23.028194
964541_04,-4.2535405,-42.384914
6102456,-39.036922,64.62396
1372221,44.186073,-9.654765
6634138,-26.57312,3.7754931
1250357,-11.108421,-75.728485
6327298,-11.920006,93.10474
1250354,8.9522085,-63.441246
4015501,5.1684318,-87.42216
4658138,1.7836516,53.920273
4376196,47.035908,-7.8913264
7042493,-45.674915,59.303165
6064936,27.161625,-7.062912
963288,-9.856305,39.399014
663886,9.837769,-66.57794
1173159,-55.534294,58.75938
4015488,47.184956,-86.31669
885679,-13.490931,-7.0814013
6634104,18.50921,82.88702
5333431,-55.848957,37.946377
4658125,23.437853,48.77337
4376192,-7.965184,-58.16162
6327258,-17.290447,-6.230093
6876008,-30.44779,51.8725
5613429,-27.149036,63.19731
6634101,-3.343067,55.86482
1532805,25.017157,-57.32852
4677368,-55.819374,39.509415
6065025,-40.247936,20.795786
1250375,8.868903,-55.24466
568110,43.49433,-28.61659
6065024,-58.25127,60.298813
4658184,5.708606,-30.208508
1372200,51.5689,-70.385216
4015497,-16.54256,-44.785152
5290722,-33.6226,65.38049
4015496,11.346239,-86.04422
4389000,-57.27978,36.747932
6102449,-48.142246,52.821964
809906,-6.345093,-31.778885
4376172,-34.366127,-53.392197
1532842,-22.930376,-46.82234
235205,7.782767,-1.9035404
1372208,29.967524,-33.234158
1183783,49.92216,-72.23138
398848,50.176975,-36.574883
4677366,-11.867194,22.955124
6634106,-19.464125,-0.56646353
885696,37.56181,-22.497059
5290759,9.297141,-30.721653
1372198,30.128826,-89.47003
6875938,-36.251125,70.681755
398857,4.8281183,13.668066
4376173,-11.396579,-25.267733
6400555,34.997795,-14.84181
4677370,0.8371608,71.411804
6875985,-26.261288,59.556107
1183789,-28.049284,-35.314648
6064969,20.043547,24.199785
5652940,-39.9685,-53.390896
480801,5.1609654,14.762058
964534,47.3969,-77.70367
4376205,11.683679,-70.005806
528689,-0.42745763,45.09205
6634085,-7.6482296,53.270058
5613495,3.7494297,-62.002422
6875935,4.957377,-10.359128
1183798,4.0810804,-24.808146
5652880,-7.889965,90.23915
5290734,47.4398,-11.205735
568111,41.234272,-27.639366
4376168,-35.94678,18.055231
235217,10.687761,49.776775
4015433,-11.698644,63.29548
6875958,-26.079906,1.9837829
6634182,2.8327663,94.416885
1532133,-34.385826,72.46619
1532800,41.156906,-83.51624
1532810,11.421649,-75.993004
346304,3.88972,8.627972
5290696,-37.79994,28.37891
7042482,11.74985,70.0942
4376136,-28.70143,41.684414
146373,9.274232,1.9448782
745317,44.6077,-48.083122
4389008,-26.352882,71.755936
6327281,5.118323,88.71572
1183769,-11.492919,-13.730603
6065009,-27.67913,63.98497
1173145,-15.130055,-6.716663
5652433,-45.089287,38.342075
4015421,-7.711774,63.14823
1532817,18.00604,-16.421564
885088,-1.8040193,43.785957
6634128,-57.728622,48.92644
6634100,-30.183746,76.30596
4015418,-34.916504,77.23602
4015432,7.0001855,60.804585
4376147,2.2539258,60.229076
5613459,20.283081,-20.7358
1249009,-1.7725815,52.457996
6327205,-30.337482,-51.233044
6327288,-10.660956,47.914562
4376174,-18.272556,-25.786695
1532853,-15.409697,-17.646612
4376185,32.975792,-14.45422
6327294,-47.50278,55.111984
745289,-32.6137,7.249592
4658169,22.589571,-15.172567
1249014,-63.001137,57.698696
4015420,20.83973,75.70432
4677362,-12.814715,89.13043
5333920,-19.145197,49.710022
1250388,24.921558,-55.35731
4015489,47.299374,-34.09076
6064991,17.664148,84.20185
1250361,-2.4984128,-37.987778
4658195,-39.051537,-27.241928
964521,28.361618,-53.14196
5613442,-44.48925,19.3702
4376179,7.0292225,-29.325434
6634153,49.771362,-21.220135
4376180,12.626321,-29.628244
1249006,-49.836372,36.607872
6064955,28.110271,-38.368053
480818,-10.14862,-44.04571
6875992,-37.04828,69.23208
6064964,58.44921,-10.718903
1532783,40.645164,-9.382719
4658170,39.755062,-35.662235
567608,25.231007,-58.70265
5290713,-5.5739865,90.41168
6634165,-30.854528,39.539856
885689,-3.802996,-37.28515
6064939,-25.609175,-47.778164
6875986,-8.980439,88.85653
1532129,-2.681605,58.005924
1183762,42.997276,-44.417362
5290709,-58.96552,50.013985
885745,-0.36865237,-4.729131
4658147,10.242591,92.37328
1532773,6.881339,-20.690067
4015452,-27.446077,-38.5517
6400491,-27.442467,65.43948
6102448,-49.57674,45.672863
5290698,-29.417063,75.21977
346332,-14.092358,-57.450684
4376153,-2.5061667,56.70187
4389001,-43.51983,46.36529
4658173,6.6345,-69.53548
1532780,11.568584,-26.464788
6634149,33.26763,-10.889138
6634095,-31.377224,-57.20485
4376164,-7.3102922,1.3577733
4015494,11.108927,-44.02311
964541_01,36.469173,-68.03734
6634151,22.077524,26.844118
1249007,6.103826,67.42752
809914,31.194403,-51.48592
1250378,-1.5833969,-34.01931
963287,-9.272371,34.554478
398876,-11.706463,-45.173725
4035759,-14.281342,90.93042
6634171,-17.834787,-17.11524
1532770,5.7474637,-22.566526
963293,2.5015028,39.00732
398863,-7.501484,34.062645
5613476,-15.779718,-14.755225
6876040,-2.6489658,3.0237124
1250399,30.773876,-92.14064
964531,-7.4281116,-60.599785
6400557,-40.559624,64.59083
6327285,0.83412457,51.289642
636759,-2.7556255,34.76489
5652879,-10.765902,85.8671
663930,29.58193,-68.6654
6876049,-32.9457,74.403114
4376137,-33.749313,50.58796
568125,44.863396,-82.273796
6064960,19.570824,-17.498238
6876029,-25.230412,50.796635
6875996,-31.49741,75.728096
6876024,-11.681339,-59.252666
6065007,-18.269844,3.849985
5290760,-43.75413,6.1428566
4376188,-27.561865,39.249035
5613483,-13.603315,-14.097514
5613486,-28.125593,7.463837
5652910,-30.115177,57.75749
398853,3.009612,-90.23786
1372236,21.964525,-75.56194
6875990,-13.895152,-12.380353
1372216,7.038438,-46.697113
963278,21.91516,46.98121
6327254,-17.36157,67.93315
6327244,-36.269047,-19.201511
663916,-41.322247,36.32747
4658187,13.957333,-69.83072
5652885,-11.041918,83.66197
809877,46.240597,-78.9295
4658164,-4.6395597,1.7174213
235228,2.9977598,-91.189644
7042489,-32.38034,62.60924
6102446,4.329651,70.361015
5290717,-24.051847,78.3828
559226,-19.176846,59.697144
6875917,19.045841,75.06147
6102453,-51.582874,48.12872
4035765,-21.751719,34.29329
4677350,-35.550232,43.743877
6634181,5.3777456,30.125544
175804,11.308916,1.3449244
5613457,-33.148766,64.14784
346305,10.100244,3.847261
1532778,9.885912,-29.57513
6400490,-46.392414,42.13946
6876041,-49.738045,51.817905
1183767,29.321451,-79.70934
4376193,-42.942738,-37.718285
745333,-28.119932,-32.296886
1183760,46.223713,-77.4865
745348,28.363937,2.1255684
1249024,-38.45532,27.870977
6327290,-45.856388,48.750057
6634188,-15.984345,-21.580015
745315,31.86504,-77.36869
7042484,-0.04107221,66.82734
6327475,-5.8130956,-62.692307
6327293,-13.244138,91.79838
6400493,-52.38977,30.627974
5613450,-31.141891,72.03163
4658171,11.6181555,-78.03046
1532124,0.100577265,59.828648
4035747,12.073259,35.369076
1532148,-10.150734,41.44083
1532776,9.566494,-92.99953
4015478,19.680248,-28.715048
6064970,48.70512,-10.947645
745332,-3.8739328,-6.793641
4015441,-3.6028194,-55.59907
1532793,0.8488778,-76.926735
1173161,-59.019886,57.66114
4015453,-10.30787,-25.93062
175830,53.520718,3.0398557
235180,53.521053,3.0399954
1183815,29.9741,8.075033
663931,29.974659,8.071917
175784,56.318542,-57.298637
398884,56.318634,-57.298103
963295,35.92366,0.8337236
1250352,35.92273,0.83440435
1183828,35.47284,6.0888557
964529,35.471706,6.0878887
480815,29.823513,0.8197692
528681,29.048805,0.5105945
1532151,-8.625872,54.629383
6875905,27.388815,-36.975685
4015469,-31.08237,38.058273
480819,-6.6086564,-27.347013
6327284,2.4215355,90.79456
1532835,40.353516,-25.550438
801853,-3.169508,41.051674
964538,44.144943,-11.898216
809926,28.251778,1.2341571
6875926,-26.158352,9.78352
6634198,-11.879238,7.261366
885743,29.081692,1.586213
5290699,-14.067988,71.19763
5333023,-10.661305,86.58895
6875981,-32.022865,46.14287
6064983,49.54317,-19.899843
663858,-24.962349,-46.11791
6634189,-12.410542,69.2425
5613493,8.32432,-75.43688
568137,-27.21034,-32.102257
235210,-9.098448,-45.587868
4658134,-60.384354,60.103424
6327228,5.711545,-16.133825
346334,14.503286,-58.4791
1250373,9.944958,-56.165836
801859,-1.4246595,46.788486
480789,-16.206846,-65.39938
6875922,-42.90103,-41.9762
5652530,-17.725925,47.469833
1532772,14.166414,-27.6068
6327212,7.3305106,-87.597
6102460,-20.59517,50.185566
1249016,-45.509247,27.342073
5652460,-57.729107,38.393406
885715,-7.408549,-35.961254
5290718,7.413203,66.4611
1183774,-37.819996,-49.60219
663867,-30.57525,15.79191
5290701,-19.556906,55.847126
6876046,3.0874176,78.71003
1173149,-23.055992,5.8986034
809863,-18.52844,-52.63133
4376155,-55.60962,61.56603
1532855,38.391224,-26.370255
1250391,-1.411234,-56.8417
568124,32.440147,-75.55884
6634172,-42.895885,33.77952
1532771,2.778925,-24.831875
6064942,27.197388,-35.3878
745297,-16.778748,-41.182453
1532782,35.277294,21.502272
6876036,15.621988,86.00237
885685,44.77878,5.436909
5290755,-30.292091,-5.4626293
4658166,-38.158817,-20.215494
567600,49.995247,-73.4244
5613479,-7.3319435,-59.521305
6327215,29.402174,18.637205
663887,5.859027,-67.711334
964515,22.112307,-20.123405
4376149,-59.842354,50.79625
6634103,12.600339,88.47603
6634088,-6.8308444,69.47362
1382900,-58.660145,50.999165
4376212,-21.558987,-33.54867
963285,0.8269454,50.119442
6875964,-12.589585,-15.283524
4015437,21.13271,68.05316
4015440,52.003258,-8.132701
729567,7.6305857,45.345932
1532134,3.397987,19.634514
729564,-1.1508477,45.513653
6327282,11.918856,88.89575
5290777,-45.46701,-26.4177
4658194,30.646673,1.9093236
1250377,-5.050099,-39.12789
6102454,-30.763327,48.827038
568108,35.515335,-41.20184
964532,41.80074,-84.952774
1173141,5.3888865,66.41818
6102451,-41.69312,48.276386
480809,-8.89138,-61.66402
6064988,4.737212,93.35597
6102437,-45.745808,40.66147
6065013,-61.463074,59.39974
559216,-39.44687,26.376009
885723,38.113155,-28.408825
5290710,-18.518127,62.71498
6634146,-29.76248,67.9589
346308,19.95089,-73.883125
6875913,-23.339272,86.68139
801866,-9.480983,30.231625
885684,44.477436,6.6362286
6634179,25.225225,22.287508
963289,-14.771636,95.478935
6634113,2.1150045,91.337
175807,17.074516,0.80526125
6634115,-48.010853,54.12161
6634130,-5.318065,87.192986
4376189,12.866044,-78.3822
1532801,36.514885,-87.3791
4376200,26.64593,-10.6607485
4677356,-29.835197,50.952526
1532152,-21.291206,58.699287
4658144,-7.8104367,94.663864
6875999,-44.439278,41.630405
745307,6.074696,4.6601486
1532832,-10.983253,-26.382412
6634119,14.661357,66.73887
6875983,-17.88866,62.274353
6065021,-18.837582,61.74432
6327222,50.00482,-18.539064
4677354,-14.126711,20.77804
809897,-18.434486,-45.01232
4376202,29.303709,3.144874
4658128,0.22806814,85.649414
4015477,-0.5282223,9.289468
4015463,11.386108,-15.412226
6327242,30.625608,-32.278553
4389005,-20.314537,34.322212
5613501,-40.39158,-42.508213
6634087,-11.773525,48.594463
4015476,-25.999723,-11.849211
6102450,-55.867752,38.70433
809895,-1.8505386,-42.70649
1250403,34.8172,-67.39591
6634178,20.06952,77.02106
6634166,0.5710256,81.80439
6064968,-30.657381,-54.27006
4015500,9.304545,-77.731964
6875940,13.970325,88.58743
6875950,22.040966,76.8084
6634170,-0.8508765,76.51552
6634184,-21.616169,51.449623
4376204,-3.0528173,-70.659515
4015484,43.724167,-82.812195
6102441,-7.0074215,74.61644
5613444,0.41882828,58.510124
663874,20.20046,20.324171
1532813,7.5758276,-82.903435
6875976,-31.27073,-58.792686
5290735,-20.245052,-33.92041
5290725,-59.745674,61.10562
1532841,5.876115,-27.784702
4376208,10.299841,-85.91576
809890,42.331593,6.51967
1183761,27.928541,-40.028385
480796,1.8933411,-91.53069
1372228,9.423449,-59.47167
885711,46.2495,-84.86404
1250372,-21.155993,-50.559235
5290748,-29.640776,8.662939
663871,-17.84354,-54.88085
398845,-9.318825,-56.02505
1250396,-24.192232,26.308886
4015481,4.2500477,-27.525969
1183758,4.997182,-48.4277
6327233,5.6440887,-11.782091
964541_02,22.628193,-58.29708
6064946,12.414712,-77.111046
885702,42.70135,-55.3769
729570,-14.874548,31.936697
6102462,-22.719013,72.06867
1382889,-2.6320539,49.03372
6327204,-34.326996,-50.549446
5290728,-39.396797,-51.26236
885697,-0.15844323,-84.83205
1382888,15.258711,53.477196
5290757,16.003782,-33.000267
568115,48.634457,-41.204666
745295,-8.426057,-27.210695
1532823,2.8678882,-65.95112
1250364,-4.672968,-40.061855
1183770,35.302723,-68.76967
6875918,-31.414314,-51.40313
235226,3.3549678,-39.36757
5613474,49.984917,-19.425583
1532803,-23.30434,-14.882496
568103,8.930797,-65.53034
235202,5.3278804,5.3451457
528692,-2.5205076,40.10271
235199,-16.842243,-9.802527
6064972,-29.260647,-49.66355
5652932,-10.769039,88.22735
6064945,-29.49331,-52.533882
6634193,28.697495,-33.219856
663868,-5.387596,31.9502
5613482,-34.59457,-5.458505
6327259,11.560224,84.96808
663909,34.25506,-70.569855
398850,0.84468865,-40.62104
7042477,-30.012894,42.836834
6327239,26.651096,-21.47017
4658192,-10.761277,6.831825
6875947,-37.242573,60.45694
745291,-24.64897,-44.00424
964517,31.603878,-48.80571
1250406,41.278988,-42.72057
6400494,-25.59386,72.999695
5613475,53.256035,-8.88994
146361,1.5561956,-47.58958
4035751,-14.994447,26.606403
6875975,-16.555197,-68.21246
5613489,-20.86119,0.3509572
1183820,2.063922,-76.52812
6102458,-28.779009,54.562706
5333437,-36.608944,66.7805
6634099,13.885675,46.675785
6400552,-24.781065,79.60291
5333911,-40.570747,14.69145
4015435,11.255349,94.76012
5332584,-36.529896,42.671062
4388998,-55.353092,30.023777
809921,13.180438,-4.163439
6064998,-45.851208,35.932453
485143,16.736177,-4.1481714
346333,-0.26511964,-64.71143
4015473,34.170284,20.681015
964541_03,44.313877,7.9891176
1372234,14.500916,-71.479
4376166,-44.8673,10.300452
5290746,-34.43012,23.812235
6876015,-23.336067,75.85759
1382901,12.344915,75.02196
6102442,-31.121088,57.99739
885686,35.48247,-39.850155
1532821,-54.647705,37.476696
6327250,-19.531096,67.86622
6327297,-19.42749,88.53139
5290743,46.147984,7.582613
663908,38.028397,-70.703514
809902,46.848526,-83.52887
636791,-10.271914,30.446959
1532797,48.790146,-74.001114
6634173,20.596308,65.60688
6876012,11.223089,53.510147
6327291,-46.460815,26.457142
5290752,2.4894865,74.916565
6065005,4.453127,79.12843
4376141,13.444946,40.335457
885673,33.331505,-51.249237
568136,47.598186,-32.35202
4658137,-3.422205,74.222626
745337,34.71562,-49.60899
6065011,-16.165611,52.875347
6634190,14.184547,59.02837
6064994,-2.6725018,71.22926
6065002,-20.881952,65.27903
4376129,12.417098,53.191074
6327245,22.403713,71.638145
6634158,-49.186115,50.288998
6876017,18.573664,84.569916
5652484,-34.37244,40.580616
885737,-17.884863,-62.583252
745342,48.549057,-64.77228
4015436,19.62346,69.7179
5652922,-37.335735,65.78625
235201,19.462591,19.601358
4389003,-20.267767,36.84361
5290751,-31.863884,-21.85801
663902,43.851276,-84.67507
1250367,47.027935,-71.30271
5653598,-16.787556,84.93071
5613496,-20.267223,-26.761387
5332629,-40.144905,43.664467
1382907,-5.7160883,63.713844
7042485,-9.694407,61.048782
1250405,38.637344,-68.683235
4376158,36.89185,-24.465769
6876027,-48.82773,-28.443419
1372175,28.480223,-54.966198
809889,16.25963,-46.04047
485154,17.808506,-51.47903
5613463,31.458485,48.283802
7042480,-45.405468,46.296234
6102443,-6.018131,71.77576
809912,33.885506,-50.067818
1532779,11.369268,-30.59718
235223,20.487776,-66.73854
4015454,4.6787443,-41.39878
6876018,45.400734,-7.3118834
809867,28.53919,-81.01779
6064943,8.07439,-92.37496
1183821,-3.522559,-46.93877
1372226,1.2473848,-48.75177
885707,14.340167,-3.9319136
745290,-19.892046,-37.328255
745318,-17.918966,-53.834133
5290753,-43.012897,-39.834366
1183808,15.633061,-69.80211
6065004,25.20977,77.1535
5290724,-10.785358,67.31866
1183826,9.46266,-7.375073
7042476,-23.727354,36.127514
1250389,34.910385,-84.12036
6064979,27.02069,19.156876
6064978,-7.142145,-56.486267
398847,9.563839,-6.9427276
346324,-44.037464,-27.887756
480802,-8.7772455,-13.733619
5290747,23.149275,-16.304798
4376210,-34.5347,-16.199429
1372197,-13.007134,-71.38121
663853,2.6842184,-87.094536
567780,-11.647964,-39.301105
1183778,36.86051,-66.67156
5290726,-20.050186,71.05621
964552,27.403126,44.27625
5613506,45.585556,6.8525543
5290727,-36.285355,-50.996563
346303,8.613386,0.76756704
1183766,-8.595221,-74.81415
4015492,9.956899,-58.441006
346320,21.050358,-48.692913
1532808,-5.49569,-63.848804
964555,42.985096,-8.633381
4658158,-28.515434,-14.144757
7042486,-29.443874,53.461624
6875963,-34.58193,-49.735428
5613485,-27.169928,-13.172998
6065028,-18.390705,66.236
346330,-43.90282,-29.42954
6327218,35.510536,19.593676
6875945,49.101883,-9.532196
4015455,-2.130305,38.55267
6327266,-5.186392,24.15904
1183790,-24.42083,-3.520211
4015451,-25.010715,-36.753487
4376195,-42.09034,-35.160152
745324,-4.770878,-35.433796
480811,-26.637953,24.514647
5290769,19.85485,21.48789
809900,44.53954,-53.57211
6065020,27.895426,47.54042
1532852,-4.282445,-38.713196
5613454,-5.8350725,81.79278
5613484,-24.377502,-47.186947
567796,-6.141328,17.435984
4035755,-54.710663,30.241732
663872,-12.753031,-56.62883
1183824,-24.826725,-12.237162
1372227,13.674357,-85.62573
745292,22.34772,23.202917
6327289,-38.755814,43.0856
4376199,34.67354,22.55991
885678,-17.97372,3.2234812
4389004,-42.49781,59.317966
6875941,-24.279488,4.978053
1183786,-26.186485,-46.35766
146377,29.16705,-55.977425
729561,-1.8622198,34.08255
885735,49.704926,-32.97137
4376142,-9.530491,33.78836
1532140,17.75855,28.707703
6875971,-16.424433,-23.332172
745331,-3.0827415,-5.9152083
6876035,-6.7216945,-70.98605
568123,12.419065,-56.743164
5290767,21.693354,-27.135765
4376206,7.8124633,-60.016705
5613455,5.9129014,73.1617
1183788,21.367168,19.506207
559215,31.280983,44.86916
885093,9.440877,34.60811
6876050,2.5131626,75.086525
4035754,-30.569553,79.19534
885740,-6.0522676,30.39158
1183801,51.78377,-69.407585
6064951,-43.368088,10.6504
6634129,-12.997761,-13.650683
6634122,-15.61911,-20.481916
480812,-9.267382,-57.471737
964494,-4.139113,-33.962463
4376138,-26.775183,48.227825
809936,20.037577,6.956995
4035764,-14.52722,-5.9027376
4015485,41.361263,-82.62106
6065014,23.90082,66.033165
4015482,10.685422,-17.511341
885090,1.3436065,41.77616
5333893,-10.7757845,62.22573
6876019,15.649896,12.334417
5613458,-2.496568,84.819695
5613480,39.431778,-12.622794
6634102,-33.014107,45.194893
1249026,0.18580385,48.697575
745327,41.030106,-87.41613
5613430,-39.51845,37.120434
5333564,-17.581635,83.64057
963286,-20.526634,7.620658
175795,18.393787,23.644884
6327247,-18.676067,51.6641
480813,54.467842,-72.78281
7042483,3.6122017,21.280764
6327214,-27.822903,36.346657
6064937,-29.53473,39.244083
1372231,12.24852,-14.140885
5613426,-28.392288,65.461754
6634154,-9.096155,75.41166
5290712,7.125107,59.86788
5333248,-42.68961,60.186455
4376203,-48.11835,-26.628267
7042492,-47.479923,53.968372
745285,44.4426,-66.77993
4015427,-25.471546,53.43097
6876026,18.541742,84.05049
4035745,2.4902928,71.3909
4015466,38.953304,-17.092833
5613469,-46.55715,16.83622
4658143,-54.17501,61.21609
1382884,-14.697506,95.07474
146378,48.935062,-34.090122
6634092,60.977745,-7.6342025
885721,34.350117,-89.067635
6875994,-12.457458,76.44264
1532845,52.66936,-49.420708
1183800,50.52216,-71.69684
4677364,-35.68699,67.12441
398864,-27.373938,20.636732
663915,32.811623,-50.221455
4035748,-38.287117,73.99214
1372239,16.761251,-48.4218
4035741,-6.4510255,46.99234
6634159,-31.977095,-23.360477
5290711,-29.027431,71.27904
4376176,-16.19304,-67.7806
5290739,28.304598,18.554098
729566,-14.017548,19.539612
5290697,10.148715,62.958652
885732,34.975307,-51.1968
1183765,40.554188,-79.97586
1532804,-47.309124,-27.580074
6327230,-25.592968,7.4473057
1250409,47.565388,-65.122345
1183784,43.129734,-64.79252
5290750,9.2514925,-55.918976
963281,-4.129348,46.81588
964541_07,-12.348746,46.409203
1382899,1.2654372,60.50921
4658177,14.770052,-42.599297
175814,19.038702,0.54630697
663859,-12.092499,-38.266693
6327237,8.12949,-93.55815
559211,8.099667,26.80417
480794,-6.1659408,16.684214
1372203,-43.2825,-35.69169
4376201,30.18841,3.405144
1249012,-58.570297,56.409668
1183814,32.43459,-78.63713
398860,10.809344,5.162739
1250383,-32.42379,-20.177927
1173152,1.1809859,58.022923
6327270,-7.64854,59.577435
663876,-44.400635,-32.06883
4015498,11.185376,-16.716002
4376184,43.181614,-83.42575
4015491,10.736843,-59.679848
398880,4.619378,-40.099533
5290779,24.827814,-74.38762
636794,9.365579,27.342287
6875993,-21.871267,-34.084206
1250356,22.913834,-76.692085
5613490,1.7921194,-80.32196
1249022,33.682247,21.513922
235215,1.0864416,8.741984
964518,23.728586,-88.488754
6327221,-19.86498,-25.210175
1372177,-19.430887,-50.973896
1382908,-6.492433,52.66578
5613494,10.131767,-76.00803
1372237,35.107845,-52.303265
6876031,48.805088,-23.65743
1532847,53.898186,-14.378782
346329,-14.567376,-39.30815
398878,13.405443,-9.229737
1372183,-24.138763,-15.434057
809930,-19.332851,20.997559
5290721,-28.260324,31.835936
1183822,-1.3965949,-43.902145
4015458,-23.187225,-12.763154
5333895,-38.789505,12.028416
745330,7.422786,24.7733
1250358,25.052034,-88.92869
663878,18.950525,-51.310547
4658182,20.16865,-27.652851
964545,37.285942,-46.40393
4376194,-38.914803,-37.402596
5290733,9.285575,-73.03404
485144,-13.383215,-41.10723
235204,2.032967,-89.699905
1372192,-7.75295,6.0651717
4015443,-12.051207,-27.805515
6634133,-17.038385,-24.816721
175821,-43.231663,-26.9445
1183811,-5.536651,-30.802057
1250387,-9.940029,-73.06824
1250368,48.56986,-76.73598
809934,-11.420812,-72.74654
6876023,12.188193,87.43899
6064966,-41.97023,-40.850124
964510,22.545723,18.64726
663899,-7.4900093,-31.451017
485145,49.943512,-42.382618
4658161,-43.481827,35.8201
1372186,16.010975,-27.057806
885095,19.188139,58.99121
6634161,-43.585106,-40.542805
6634123,-14.500995,-15.444953
6064948,-38.050682,-53.30756
568138,-12.942291,-58.285355
1532854,16.69455,-34.488716
5613505,47.553864,6.1322417
5290741,25.905212,20.251541
4376139,-20.87123,38.53922
5290772,29.584814,48.96436
4376183,4.935201,-68.12684
809917,-27.880985,-31.133764
1183812,20.958406,-47.2848
745351,13.552381,-3.3507714
5613432,-18.58258,53.82898
6876045,-28.815495,6.4365735
7042479,-30.129272,31.011087
6327238,-19.052341,-1.6686591
663926,-4.0340896,-27.713297
6102445,-21.803707,87.8847
1249031,-2.161204,86.10542
1183795,56.154526,-11.369684
885089,5.295628,42.253166
4035749,-8.751264,79.225975
4658181,43.450356,-18.129286
6064953,-39.437817,-52.395954
5613504,4.3567276,-17.384905
663894,10.092575,-14.530943
5613445,-3.3414128,66.37324
885712,43.8541,9.5617485
809873,-24.178259,-4.4604487
663857,1.6771792,-22.395956
4658168,16.525932,-31.310978
6064954,-46.91353,16.995522
6064967,-31.10339,-58.087315
4376186,-26.000706,2.8073847
5290771,-11.311633,6.4348135
1532849,24.67316,-81.146355
4677357,-53.96582,29.761135
809918,-1.247003,-7.1740837
6876009,-44.030228,10.019909
6875953,57.27935,-10.294939
1183823,23.175129,-81.3604
6327267,20.007965,75.90753
6327257,21.980883,66.628136
1532144,-25.819723,55.652405
1372206,56.346886,-8.977669
6327217,28.768436,19.3416
6875915,6.4630103,88.0441
1250371,40.699516,-67.256546
6875973,36.871178,25.302057
175790,-27.698711,19.631062
6634094,22.15536,67.235016
1249027,-17.787298,48.20751
6327269,16.550074,88.93963
4376130,-8.463697,47.403313
5613424,15.084241,56.25523
1532149,-22.975397,45.79763
6634197,-31.089163,58.835617
6327280,12.622428,87.02633
4389002,-61.84325,60.02307
745322,51.96596,-67.99044
6327255,-17.101397,-8.565105
6327260,7.220555,59.071625
1249028,-35.925182,76.25204
1173158,9.497203,39.752254
4015474,35.86762,22.938467
6876000,0.9481721,80.43588
5613427,14.991283,67.678635
6875970,-26.69307,66.57729
6876044,-10.958942,47.13219
1249017,-56.637527,55.341217
398854,40.36665,-54.87715
5333880,-12.538277,66.58228
6634157,8.053088,54.42048
1532132,1.9219288,61.139626
885729,8.287269,-47.036602
1249025,61.874924,-8.337726
6327295,-16.852345,53.748184
809919,-49.80983,-24.52092
885717,3.4273887,-69.555016
480797,28.652557,-57.51523
885677,-1.2339988,34.602905
4658172,3.0024946,-63.178806
6876010,12.015367,82.704735
1173150,-57.753876,56.78219
1532131,19.950912,64.444664
5290690,-3.2818413,72.240135
6064993,21.096083,76.590225
4035750,-18.645035,35.04324
4677363,-19.89821,50.61155
6327209,-48.199883,-27.663925
809868,45.646275,-84.239944
346338,-3.847776,-20.429474
1250381,36.4178,-41.83996
1532827,-38.874683,11.217801
6064989,-39.994526,21.35828
528697,1.8481294,37.63619
4035756,8.443684,46.890133
1372229,32.64476,-90.440094
7042496,-40.6632,69.60453
4035757,-7.1299024,89.41603
1250360,24.263966,-87.20367
801854,12.4208765,81.679375
1183768,46.973312,-84.56757
5613491,12.562801,-75.95068
6327236,6.6004786,-91.57341
4015475,30.019918,47.957355
885736,-1.3931038,-3.8109868
663928,15.458551,-6.765185
398851,10.542851,-77.36067
745310,4.3247027,-90.64526
663906,33.619263,-76.101395
1372224,7.4978824,-92.1949
6327208,-32.407745,-55.997597
809870,41.22468,-86.03489
398868,44.630783,-68.08251
1532816,19.068789,-54.02766
663865,44.213062,-76.130196
559228,-15.613493,32.79164
1183794,45.627163,-83.52856
1532815,6.733498,-84.729576
885720,-16.050058,-56.8366
398883,-7.089403,17.466663
1372199,19.383625,-77.84969
1250351,44.68325,-5.8466244
480810,-10.965876,-55.896336
1372173,9.762158,-75.33032
1372238,54.721897,-12.694849
1183827,-0.62538683,-3.3441112
964525,-15.868273,-56.166206
663885,-8.207289,-45.69184
6651934,43.661003,-3.7129605
6634145,51.202976,-8.919979
1372184,-19.252165,-61.844425
146363,12.179025,0.7733459
6327252,-28.933323,31.292381
1250370,36.177353,-51.697594
809882,-9.780598,-6.5955114
6327227,40.23943,-14.384317
4658151,22.783604,-26.498533
663896,4.184189,3.6168041
6327234,-12.848887,-58.80932
6065023,17.342379,57.7269
6876005,-27.922632,31.125578
480804,-45.405636,-28.5081
6876028,-1.9163252,74.83193
809887,0.74808353,-85.29379
480807,20.55556,-65.54511
1183782,0.23793635,-25.433044
568117,50.39535,-43.08171
6634177,5.8636727,-85.45949
528690,3.6655726,9.738046
5290761,-4.9080462,-20.176073
1372207,-34.835014,-17.11914
1532809,5.9797783,-84.69501
235225,-13.419113,-38.561512
1382896,-25.011526,79.09279
809924,47.962902,-64.56519
1372242,21.280369,-38.882137
964512,6.074104,-87.99257
4015462,-34.437653,2.5688677
6634162,-16.778002,66.13897
6877722,51.6879,-15.709045
745293,31.787395,-74.79626
885733,-38.63532,-36.35706
663856,-7.183029,-13.873847
663890,2.4737487,3.1738071
964514,7.415476,-85.82224
809874,-24.346771,-42.747196
6064940,3.3098216,-17.51637
1250418,21.998838,-16.360687
663914,-25.55475,25.37826
1372211,21.362556,20.470001
4015423,-5.91267,51.851147
175809,-23.945814,15.395451
745303,16.114147,53.29239
1532836,-23.533035,27.542261
663889,8.86772,34.371334
1250419,-3.177711,-47.492107
1532812,2.0952518,-53.90191
1183759,38.140415,-78.45133
568114,15.969928,-65.89597
5290700,9.513109,92.570625
885709,53.787086,-48.8161
1532838,14.957595,12.934827
5613471,37.293896,-16.145584
1250395,31.153051,-33.250206
1173144,16.535847,53.99451
175805,-7.9076996,-51.94115
568139,-4.5776043,-27.01344
4658126,-33.822186,49.59558
801868,-16.321136,33.07286
6327264,15.443773,57.592255
6064957,36.11512,24.068605
4658139,-28.852915,40.030113
1532125,4.7853956,50.052395
4658167,36.14111,-52.71981
964541_09,4.715783,49.632637
1183806,25.888895,50.55861
4015426,16.048563,52.377426
4015495,13.533376,-46.521706
4658196,31.265936,-35.778313
963284,2.4212618,45.59356
6875936,42.648808,-56.53417
235174,-12.54605,-45.75765
4376170,6.23853,-70.413795
7042478,-12.234898,47.459778
6875942,-29.361786,76.234
1249020,-16.602646,43.951958
663862,20.142302,0.38724115
5613478,-7.93413,-75.24961
1372241,-12.155232,-73.70311
5613497,29.144474,-18.478546
175796,-31.299147,16.090145
4015468,40.33567,-24.184612
636788,7.482936,36.356472
801867,-9.5957575,40.61764
6634109,-32.803818,-19.160269
5290714,-7.8845243,93.71176
6400554,0.9087363,67.46375
6327235,-18.054527,-16.434034
885706,5.0149565,-67.27305
801862,-16.163092,42.674156
5290765,11.982936,-38.48146
5613441,24.109365,77.21935
6327243,-38.08024,-48.60947
885087,14.698131,58.338913
1372223,-35.376404,1.897277
346319,24.597174,-50.80638
1250425,16.081701,-32.028206
6634090,-27.337198,36.996548
4677359,-41.80761,58.82349
729553,-8.210698,29.937542
4035763,-44.182476,26.987183
1249013,-59.069866,55.770267
5652890,-31.072369,77.149216
1532146,11.135355,35.08349
6065006,20.691349,29.694653
964505,33.271,23.60486
6327276,10.362042,93.61057
6634194,-29.700867,43.39201
5613434,5.6216793,80.06501
4015445,24.19823,53.65441
6327246,5.2835107,92.96632
6634139,-17.508968,53.463875
1249010,-5.9320517,45.94446
6875998,-40.10223,36.265076
1532127,23.985647,54.004055
6400492,-45.544262,49.52622
5290723,-11.376546,82.424805
1249023,-0.7863916,77.151794
6064992,-4.163471,66.64374
729554,62.639896,-8.261281
1532846,44.220383,-4.64583
6327286,1.307542,86.03715
4389007,-17.032627,44.596653
5333919,-39.4611,72.44296
4035753,-60.49311,55.34629
5613477,-17.471,-13.116476
5290691,-6.834803,62.78364
7042491,-25.103577,-2.7577012
567745,-1.3492965,44.70328
964526,34.22643,-39.68353
4677355,-5.4995,47.334465
1250359,31.786108,-88.17959
346316,8.23363,24.206182
4388994,-15.874646,25.645468
6634098,-16.081465,68.34723
346296,47.569954,-47.761707
1249004,-0.6888854,26.4279
801869,-8.248275,58.280254
485142,38.029503,-74.71746
885691,44.53224,-70.79738
1382897,0.45114538,86.15189
4677360,-17.510035,85.256874
1532798,51.013817,-68.42507
663911,-2.5511906,-6.85521
6065016,-3.2772176,86.34997
346295,15.345592,-65.287506
5290716,-1.8359121,52.87242
5652478,-28.144331,45.836
568140,-15.523436,-36.671646
964513,19.725647,-53.688705
346310,11.01983,8.769434
567602,30.512566,-91.12474
745313,36.247723,-71.387054
398867,-4.3230524,-20.747957
1532806,16.507269,-69.70773
4658186,58.835403,-9.731995
663863,50.673084,-70.538155
964530,30.186754,-93.10457
663891,3.889983,-48.703026
1183779,20.68762,-38.784912
1532786,43.29342,6.782159
6064963,52.141193,-8.981627
1183807,14.696883,-73.282196
398895,15.7384,-5.0882263
567609,-0.9483908,-63.953026
1183819,-50.393307,-23.858023
146388,11.901088,0.34779415
1250382,20.961197,-38.11692
398879,11.506868,2.747816
964524,23.417984,-70.713
5290729,59.698277,-8.996963
485156,-15.238765,-37.711662
567746_2,45.04937,-54.626156
663880,29.662287,-54.415752
567603,19.676325,-52.46935
568109,-10.321276,-6.4228387
568128,45.587833,-50.11227
5290730,36.355595,-29.506243
398872,24.269787,22.78139
5290778,31.84061,-37.35566
146362,15.487514,0.6809075
568133,16.854921,-49.503475
480793,13.003655,-10.786874
4388991,-13.34713,22.320139
1183780,-39.567886,-36.424885
885734,-33.704895,3.289422
6875931,4.971201,-11.290286
346297,-17.262932,-61.51251
663917,43.623653,-13.657648
1372180,-5.6970296,-59.268528
1532829,46.813118,-31.06663
729569,-15.802845,33.396507
729565,-0.34903774,38.80439
1532787,33.792416,-9.803449
745347,-18.753386,-62.40973
885725,-9.080725,-6.4826355
4376190,42.196117,-43.701195
636784,20.54626,46.90235
6875965,-26.613565,-45.425037
175837,8.014347,-94.452835
809901,30.747244,-78.52693
4658176,-23.183437,-14.0628605
1183805,1.4428093,-35.831806
964501,41.18787,-69.03801
146395,41.865246,-28.130384
6327241,27.012957,-37.89478
801857,26.373194,47.036423
1250369,-11.127486,-76.576324
885681,25.517698,-74.6215
6876051,-42.586037,-40.31938
235207,8.885348,4.2428837
963291,-60.17929,48.488052
4376182,20.996359,-16.771502
6327223,-23.593496,-15.79726
1532774,10.462695,-22.158062
5290774,26.729494,-40.42798
6064982,52.58359,-15.414091
663927,37.518887,-77.951515
885731,38.44809,-46.407314
1173142,6.6699944,36.44447
528684,5.3172436,32.85732
5652467,-29.23309,48.450752
809884,44.1364,-46.278305
729562,-6.4072976,15.841111
745326,-44.525574,-30.82605
885096,0.74967945,33.122807
1532828,-40.03524,13.862819
4658141,-12.574898,63.624023
6327229,5.0757003,-16.63055
809893,-45.264988,-31.446486
1249005,12.799729,76.01092
964539,48.877815,-24.064571
6876007,-31.10495,-2.1249163
6888482,-1.8007678,87.07477
4658132,14.418097,41.00766
4376207,26.670767,-25.675507
346309,9.703125,12.919713
235196,50.590965,-48.039597
1250417,-30.394157,5.4457636
1372178,8.367198,56.9305
801856,9.500077,36.313217
6875988,8.688202,84.64004
6634121,20.623276,69.53829
6876002,-0.7541226,-53.1142
6634120,21.86033,71.05874
6327210,12.798436,-21.90697
559212,0.88031757,44.602177
175778,-9.573854,-52.28492
6327249,5.8085103,80.65931
235197,14.898421,6.107005
6064973,-27.595726,-57.83463
4035744,-14.031925,88.80753
6327287,18.216137,28.509695
4035758,-6.3867097,90.41776
7042481,-45.785084,11.206329
5333245,-10.466526,88.89236
146389,-27.069712,19.782364
1183763,22.852743,-19.591274
4035743,-43.45398,29.281027
6064944,-6.862363,-68.69439
4015438,24.600988,47.180603
235189,-8.819773,-51.74832
6327263,18.048195,58.329983
5613438,13.809032,76.996445
4677369,-40.63707,49.971897
963275,-57.1306,54.77147
5332595,-30.932665,75.09753
6327253,10.234306,91.540634
175770,-11.712144,-45.811638
6875962,-22.167162,-44.12949
964554,12.204708,-23.697247
6875977,-30.113138,9.372179
6064999,-8.639786,57.77343
1532820,-45.303726,23.311794
6634176,-10.922173,91.414375
4658200,-27.569334,40.301926
885718,32.002132,-69.77937
175820,16.727728,89.441925
6634112,4.015716,73.00445
5613428,11.288326,70.13828
6064949,2.6971002,-77.08657
559229,-10.228069,46.97881
1183755,15.149415,-65.9127
1249019,-17.952927,35.273346
809916,24.380116,-81.772575
5652926,-43.24587,58.58324
559227,-26.781878,72.543724
6875961,-15.624503,52.21886
398856,14.857791,5.5650754
801855,-62.620674,58.499878
4388996,-13.102255,23.803698
4389010,14.748717,41.282227
175777,-9.296005,-50.876762
6651935,-13.745918,79.96172
5613503,-25.05289,7.6999254
745286,31.271357,-69.47078
6327256,-14.27266,57.580032
5653599,-20.915703,90.72437
6875978,19.762999,78.11257
636790,-15.887219,42.1851
964535,44.114697,-70.32055
4015459,33.317978,-38.86738
964546,49.05879,-32.378952
567812,0.9012386,-65.48406
745305,43.57996,-54.64149
1183829,-1.5505244,-7.9214916
235221,18.148373,0.8976153
964497,32.85567,-70.09316
663903,44.342686,-54.695675
6875968,-14.256329,53.256927
809903,30.60415,-69.158806
485151,-16.192661,-36.51221
1183773,2.728085,-64.689476
885692,32.60139,-38.14197
480800,22.66628,-81.89674
6634086,43.476562,-11.369399
745346,0.3417119,-45.93618
235229,38.467537,-74.627594
235190,41.047718,-54.886272
964543,-50.55839,-24.542156
1250380,34.243755,-40.972878
885682,27.864632,-80.62579
568120,-49.4245,-25.494995
559225,10.681899,26.97274
346291,20.715279,6.6731367
963294,-13.745215,20.21919
4658135,35.67284,-19.2126
568149,-0.28774777,-45.21698
885675,31.474453,-49.738903
175833,11.234053,8.41863
809899,52.52485,-74.6483
1250416,-39.035244,53.393593
885687,34.691536,-41.501743
745344,45.33368,-51.17511
398899,19.155264,6.4433084
398901,-17.318508,-62.04135
146397,16.702246,2.5664148
528682,10.458448,27.030394
146382,17.241863,-1.5376917
175781,40.541058,-36.15112
885674,31.554861,-50.43081
1250407,44.076824,-65.78992
480790,43.716225,-13.942228
1532843,-48.95375,-27.425638
663893,43.449345,10.294034
6064938,48.22636,-33.167915
398911,18.40579,-4.5346456
1183809,21.687988,-73.18953
1173154,21.973886,45.18845
146401,40.722546,-36.268486
1532825,11.459803,-73.78016
175812,18.047024,-4.1672907
4658162,30.529745,49.008984
964528,40.139153,-86.5585
809872,20.302351,-54.45816
1532837,-24.945862,25.886389
1250398,31.622543,-90.11569
4658157,-18.263166,-24.854616
1532824,39.444103,-87.13406
964523,34.96904,-88.30072
885722,35.03135,-87.55965
964549,12.112188,-31.054333
485155,-26.718342,-13.47932
1250421,-16.907068,-48.90704
480808,49.717083,-35.396305
5613481,24.85623,-87.95751
885713,46.887775,-79.53534
4015456,3.2183053,3.2992518
6064974,22.25479,-14.315093
235181,-26.550434,-10.910133
885738,-18.916418,-48.308384
809913,35.894356,-48.013107
1183787,36.844074,-29.273647
346342,-13.332806,13.276096
885105_1,-7.0117908,16.782265
235198,19.733513,58.566563
1532822,-42.255024,-37.15885
1250355,13.915679,-69.26911
346314,-10.842843,-33.2329
885726,26.993614,-51.008694
745336,36.46943,-47.284794
4658179,43.84909,-44.451782
801863,5.5187936,33.117943
745320,-44.25297,-33.938423
1183752,53.17467,-15.076559
1183753,13.220756,-13.358642
663921,45.296124,-49.293148
6102459,-38.145016,12.065239
1250365,35.874664,-73.22094
4658185,6.9101653,-20.197592
175802,16.07756,-65.299324
4658199,26.462032,19.694412
146383,19.406954,20.617258
1173146,-59.658253,50.038643
885094,26.906828,46.590992
1183775,28.254522,-54.33923
1250411,25.471016,-18.947556
6634131,-40.581593,36.26888
235213,15.043283,-58.399124
6875916,-2.839967,2.6688185
6327211,18.821705,-16.859148
6064984,22.318043,-15.934752
6400484,-41.370712,60.013283
1532785,14.009591,-46.506348
346307,13.441269,-62.42162
809876,46.397434,-72.69884
1382898,23.548243,26.58489
146398,-7.2391267,-12.998748
1382910,-54.822247,58.75059
5613465,-40.116615,-51.844902
5332596,-30.970684,30.654388
6064941,-16.289616,-22.558792
398882,-43.655834,-36.518425
567610,-13.368724,13.333711
568129,-7.8741655,-13.30346
6634175,27.095238,-6.79362
5653587,-22.35972,87.51132
964511,5.273933,-89.154045
1372233,-41.80314,-36.754414
663900,-8.005366,-56.333035
4658180,46.329784,-8.257229
6634097,-24.195723,27.229996
885728,51.46805,-48.419132
568146,-10.17629,27.677193
346318,-45.662167,-25.384794
963282,4.855498,42.304127
398862,23.763088,-49.899803
6875939,-33.35663,-49.746136
1250415,3.5718837,18.438156
729557,-39.589695,26.032866
1183816,3.6267424,18.09344
1532130,10.815829,94.14112
745343,11.548286,-52.038822
4035746,-30.575632,57.64898
663922,6.3368835,24.615643
1372232,-40.612354,15.241002
7042488,-10.196099,27.736353
6634118,-46.144672,35.921772
5613433,-0.12609412,66.31756
1249018,-32.64227,24.087175
6875927,6.883553,77.74963
6327296,-20.933052,43.667522
5290773,6.5082126,-11.812542
4015428,-20.602097,37.81051
885099,-3.1702392,38.403458
4658150,-29.885572,67.847694
175792,-31.74842,37.50652
5333428,-35.01678,40.496464
663920,62.703278,-9.003505
5652450,-49.862907,39.462975
885742,1.3469228,-35.57626
663851,34.643436,-42.512703
4015434,-8.943209,66.13551
346317,-13.988272,-6.990817
6875960,13.34682,76.568794
175772,-10.059263,-47.974022
235206,8.231109,44.42999
4388993,-14.361357,21.957785
528693,13.920326,46.656857
1173163,3.4457784,38.167587
4376177,25.06598,-89.696304
1249029,-19.593935,97.15139
398873,8.812123,12.955124
4035742,-28.920586,-35.199783
809927,-6.05602,45.22703
663855,23.736057,14.225578
4376135,-33.505947,48.360638
235230,-9.283282,-61.847626
4388990,-33.60232,39.655647
4376161,43.31084,5.6833777
4376148,61.95053,-9.14787
568122,32.490856,-74.40204
745281,2.058944,-65.69752
235195,18.482603,-0.23097765
480820,2.1157515,-66.45403
175819,15.424041,6.033015
745341,20.015247,-0.30840632
146368,53.190426,-48.55477
568145,24.805367,-81.9733
6064962,56.251934,-9.792601
1183817,-39.061054,53.41858
346337,4.290625,-67.33004
346339,43.277103,-11.685817
5613464,53.59078,-49.48222
4376162,46.330357,4.417755
1183792,29.118021,-57.393127
346336,31.813358,-74.2443
235177,17.65213,-0.055507306
235214,29.693853,-55.531857
146392,20.022495,5.9177237
1372218,-1.0060649,-7.942363
4658190,22.204704,-71.7812
4015429,35.72893,-19.165138
398894,-16.338736,-37.056164
1183804,49.43386,-31.940193
5290693,-1.927092,74.854385
398904,48.208183,-47.585316
663904,41.54181,-86.926476
568134,8.024512,-47.60521
346294,3.5160096,-91.65325
1372205,31.414478,-88.18494
663919,20.721567,6.0061564
964563,-2.6147437,-5.546591
235188,48.085716,-48.314022
1372210,33.715096,-41.42231
568150,16.908543,-3.4234195
745328,52.480747,-74.28125
6327231,28.765856,-38.680145
235200,15.831887,-6.373839
1532840,57.12276,-11.25488
235191,53.721073,-72.62653
146380,-3.8880324,-19.865417
346306,5.5857615,-82.87644
485152,23.706095,-87.92737
6327224,-20.159569,-27.043583
745338,5.251385,-1.1874726
6634117,57.647137,-8.917998
6064981,-2.8982828,-70.64602
146390,11.225741,-57.247997
964542,8.514041,-47.559196
964500,34.867264,-89.41766
146379,54.261288,-72.09774
4388997,-14.778277,24.60889
1183813,-18.36937,-40.853302
480799,52.458813,-70.86824
175811,14.828425,-42.70608
235194,47.53154,-10.472153
809929,1.3377273,-1.6380447
146374,24.034964,22.55735
745287,30.155107,-91.2078
175787,7.4736633,-2.360314
398858,1.2409081,8.175795
480816,-23.849037,15.491784
485158,-28.589346,-32.623154
745334,25.55279,46.059055
346298,16.04414,4.786938
885700,45.0019,-66.61818
809923,26.72544,45.595333
1173143,8.06702,26.315832
964553,57.871212,-9.684534
568144,13.159295,-61.095097
568104,-8.605227,-12.867587
1532137,20.223415,27.366014
964564,8.891511,-63.671844
4677367,-39.106693,41.156998
809875,47.788506,-77.918465
663923,47.356567,-30.924772
885672,-5.512219,-69.08791
528694,23.453836,12.732881
398896,48.1849,-46.463257
1249021,20.406376,46.820187
636787,7.311795,44.42704
745323,2.1853418,-47.516983
801861,-3.6983624,17.058865
6634144,-34.57881,-53.86259
146399,8.902353,14.132034
4015457,-10.967168,2.896984
1173147,-60.507347,48.624268
5333917,-23.095516,13.801743
4658189,43.687393,-64.79631
885104,-45.07265,-32.580894
885101,2.4524574,39.694298
1183803,20.823807,16.317024
4015430,-6.180286,52.97501
6634143,11.618753,84.779564
1372215,-24.320375,-42.753098
745321,-11.533032,-72.40986
485157,15.298544,-3.7436388
663913,13.5912895,-52.138638
235212,50.39421,-36.818962
636782,23.090923,13.118578
964547,13.378369,-10.525471
1532135,-14.625106,26.499262
1372222,42.743084,-8.215736
809898,-18.189169,-55.21358
801852,-2.6159177,49.060204
146370,-43.79321,-26.701534
885103,7.1018996,44.993504
885744,5.4940557,-1.2549679
663901,31.005083,-79.6423
346328,-19.980734,-37.295185
4376211,16.225174,-27.090895
745306,-7.5712795,-31.22812
6327219,-22.147394,-36.21286
1372240,31.339863,48.970272
1249032,-18.266932,97.188385
6875906,24.079706,65.92314
885676,0.90664405,15.690034
346341,-4.777824,-60.763435
6876003,3.84787,57.055717
6876022,7.7346053,92.95954
1250392,30.051712,-34.062878
146416,-10.96817,3.2466593
745350,13.564375,-52.69395
885102,-33.420753,49.37554
4389012,-38.41196,73.88724
6327207,-28.97922,-58.205704
1372182,16.738178,-34.533604
964551,-17.562227,-67.18576
175791,10.629502,49.798344
885727,-24.143286,4.7532134
6876021,11.598623,63.813946
4015472,43.23437,-19.768116
729559,1.8494959,39.46042
885710,49.898235,-47.932556
146413,24.416119,-48.87322
636785,9.5549135,37.735462
801864,-1.7963986,38.19221
480814,-60.877087,56.54258
801865,-32.019024,29.989012
5332610,-19.41194,21.291471
235224,0.41398856,-24.01031
528680,-28.89397,2.5384042
346322,-21.089048,42.48117
235175,0.81073046,8.196103
485147,-7.1841435,34.006195
5652895,-29.932766,-0.5316909
5613466,-23.76553,36.14071
1250410,16.526611,52.22154
146372,7.870905,28.758781
963292,-51.65805,48.432846
1173162,-20.201761,44.87099
5613446,-55.497982,61.97281
146369,-6.5098915,42.7655
6634191,7.272971,77.55867
885693,26.330513,-18.600306
