id,x,y,com,tag,H,du,xin
0,-39.567703,-49.591816,0,0,0,0,0
1,-38.54992,-50.746063,0,0,0,0,0
2,-32.954002,-53.016785,0,0,0,0,0
3,-34.515152,-53.06265,0,0,0,0,0
4,-32.50491,-55.16475,0,0,0,1,0
5,-39.761517,-49.631844,0,0,0,0,0
6,-33.82689,-54.47502,0,0,0,0,0
7,-33.316994,-53.15776,0,0,0,0,0
8,-36.738503,-51.863735,0,0,0,0,0
9,-37.28993,-52.12337,0,0,0,0,0
10,-36.990387,-51.3083,0,0,0,0,0
11,-35.348335,-51.196827,0,0,0,1,0
12,-33.443012,-55.1552,0,0,0,0,0
13,-36.602886,-53.17172,0,0,0,0,0
14,-32.30312,-54.135773,0,0,0,0,0
15,-33.608784,-55.047443,0,0,0,0,0
16,-36.247517,-52.35384,0,0,0,0,0
17,-35.268776,-52.351826,0,0,0,0,0
18,-37.133976,-51.933594,0,0,0,0,0
19,-36.5538,-52.350636,0,0,0,0,0
20,-39.384712,-49.702263,0,0,0,0,0
21,-32.21105,-56.370926,0,0,0,0,0
22,-38.94262,-51.804005,0,0,0,0,0
23,-38.33508,-51.021774,0,0,0,1,0
24,-39.416668,-50.265507,0,0,0,0,0
25,-33.90277,-54.106316,0,0,0,0,0
26,-32.543793,-55.011528,0,0,0,0,0
27,-35.094227,-54.36283,0,0,0,0,0
28,-32.739586,-56.187443,0,0,0,0,0
29,-32.32511,-53.904285,0,0,0,0,0
30,-31.324375,-56.452198,0,0,0,0,0
31,-36.653976,-53.372948,0,0,0,0,1
32,-32.371014,-56.222458,0,0,0,0,0
33,-38.96061,-50.593315,0,0,0,0,0
34,-34.659027,-53.39643,0,0,0,0,0
35,-38.02864,-52.827053,0,0,0,0,0
36,-35.773163,-51.53862,0,0,0,1,0
37,-39.408516,-50.112404,0,0,0,0,0
38,-37.592247,-51.499912,0,0,0,0,0
39,-32.580017,-53.662346,0,0,0,0,0
40,-34.62445,-53.358433,0,0,0,0,0
41,-32.493546,-53.56302,0,0,0,0,0
42,-34.97232,-53.240078,0,0,0,0,0
43,-34.630833,-53.43439,0,0,0,0,0
44,-39.586132,-50.066788,0,0,0,0,0
45,-33.89808,-54.684155,0,0,0,0,0
46,-34.452206,-53.66814,0,0,0,0,0
47,-37.474354,-51.686073,0,0,0,0,0
48,-32.048985,-56.384605,0,0,0,0,0
49,-37.556503,-51.417824,0,0,0,0,0
50,-35.690536,-52.777103,0,0,0,0,0
51,-32.641335,-56.402325,0,0,0,0,0
52,-38.510944,-50.450558,0,0,0,0,0
53,-36.828987,-51.995316,0,0,0,0,0
54,-38.755085,-50.43418,0,0,0,0,0
55,-34.840637,-52.93761,0,0,0,0,0
56,-31.364908,-56.41771,0,0,0,0,0
57,-37.074562,-51.187763,0,0,0,0,0
58,-35.248474,-51.306038,0,0,0,0,0
59,-34.25093,-54.349155,0,0,0,0,0
60,-39.036026,-49.932693,0,0,0,1,0
61,-38.76196,-49.51222,0,0,0,0,0
62,-38.125656,-50.79694,0,0,0,0,0
63,-36.49419,-52.819923,0,0,0,0,0
64,-36.303673,-52.050144,0,0,0,0,0
65,-34.994934,-54.42703,0,0,0,0,0
66,-37.743587,-49.904903,0,0,0,0,0
67,-34.291504,-54.542526,0,0,0,0,0
68,-35.524708,-54.131622,0,0,0,0,0
69,-32.82741,-56.25747,0,0,0,0,0
70,-10.2429695,-13.240553,1,1,1.608700166,0,0
71,-3.502959,-6.81527,1,1,0.359101626,0,0
72,-2.3040676,-7.3644023,1,1,0.327444919,0,0
73,-3.013292,-13.179759,1,1,1.215533232,0,0
74,-1.291137,-4.5510464,1,1,0.14854949,0,0
75,-3.2524443,-12.195306,1,1,0.942405133,0,0
76,-1.5413988,-6.9489965,1,1,0.46708144,0,0
77,-0.36436722,-6.9841285,1,1,0.14854949,0,0
78,-2.7628345,-6.914024,1,1,0.342463772,0,0
79,4.5807824,-12.013384,1,1,1.548565226,0,0
80,-1.6039749,-9.0724325,1,1,0.576040353,0,0
81,2.5153039,-5.726104,1,1,0.165427034,0,0
82,-0.8325564,-8.420536,1,1,0.441041262,0,0
83,-3.292996,-12.194251,1,1,0.942405133,0,0
84,-0.37975144,-8.614688,1,1,0.453649573,0,0
85,-10.951637,-11.162587,1,1,1.846393983,0,0
86,0.5521886,-5.7188425,1,1,0.14854949,0,0
87,4.471442,-11.707018,1,1,1.295836389,0,0
88,-10.650068,-11.00482,1,1,1.712887622,0,0
89,0.06619954,-7.2426376,1,1,0.14854949,0,0
90,-1.6018982,-8.135273,1,1,0.309543429,0,0
91,-2.1589568,-13.830002,1,1,1.289608558,0,0
92,4.7832074,-13.540805,1,1,1.575114591,0,0
93,-2.2896144,-7.032598,1,1,0.33228663,0,0
94,-8.545525,-11.540637,1,1,1.622556249,0,0
95,2.0932858,-5.807055,1,1,0.15374218,0,0
96,-1.6681111,-7.5235972,1,1,0.322756959,0,0
97,-0.41709703,-7.5464344,1,1,0.46708144,0,0
98,-2.2485185,-8.11978,1,1,0.447247438,0,0
99,-3.0909746,-12.872266,1,1,1.061278124,0,0
100,-10.953113,-11.201215,1,1,1.846393983,0,0
101,-10.633436,-13.308951,1,1,1.847331662,0,0
102,-0.15123287,-7.888574,1,1,0.46708144,0,0
103,0.9352936,-6.245514,1,1,0.14854949,0,1
104,4.501124,-12.123665,1,1,1.548565226,0,0
105,-1.8141367,-8.049158,1,1,0.309543429,0,0
106,-0.1697759,-7.9057574,1,1,0.46708144,0,0
107,-1.1047848,-4.69944,1,1,0.14854949,0,0
108,-1.064869,-7.2363086,1,1,0.46708144,0,0
109,-0.80725664,-7.228251,1,1,0.46708144,0,0
110,-0.265159,-5.4605107,1,1,0.14854949,0,0
111,-1.1403186,-7.736393,1,1,0.453649573,0,0
112,-11.685425,-11.414463,1,1,1.898893494,0,0
113,0.07669038,-5.9090047,1,1,0.14854949,0,0
114,-1.140871,-8.609166,1,1,0.51398207,0,0
115,-0.31661308,-6.7013044,1,1,0.14854949,0,0
116,0.27010503,-5.6742535,1,1,0.14854949,0,0
117,-1.5242362,-8.671101,1,1,0.576040353,0,0
118,2.356924,-5.7355485,1,1,0.16232618,0,0
119,-1.1999593,-7.299689,1,1,0.46708144,0,0
120,-3.0988803,-13.225342,1,1,1.251629167,0,0
121,-3.2575114,-12.796807,1,1,1.088925291,0,0
122,-1.3835833,-6.895958,1,1,0.46708144,0,0
123,-1.4896556,-6.7201214,1,1,0.46708144,0,0
124,1.6558688,-5.640936,1,1,0.15374218,0,0
125,-10.808587,-11.084635,1,1,1.829172272,0,0
126,-1.0561488,-4.508161,1,1,0.14854949,0,0
127,0.09163116,-8.411992,1,1,0.46708144,0,0
128,-0.8375436,-7.9927073,1,1,0.453649573,0,0
129,4.9667506,-13.399378,1,1,1.575114591,0,0
130,-0.16659339,-9.269877,1,1,0.680348811,0,0
131,1.9809616,-5.744657,1,1,0.15374218,0,0
132,-1.3748306,-5.5809174,1,1,0.14854949,0,0
133,-10.981884,-11.135372,1,1,1.846393983,0,0
134,-1.5760609,-8.203923,1,1,0.309543429,0,0
135,0.33579338,-5.5842605,1,1,0.14854949,0,0
136,-3.231123,-7.061372,1,1,0.359101626,0,0
137,-3.1346014,-12.834583,1,1,1.061278124,0,0
138,-1.8295786,-14.000605,1,1,1.41526895,0,0
139,4.6036916,-11.858374,1,1,1.429473298,0,0
140,6.733051,19.176914,2,2,0.738284866,0,0
141,5.2482243,19.949553,2,2,0.811278124,0,0
142,5.888476,20.980812,2,2,0.658191266,0,0
143,12.165461,27.82674,2,10,1.509869304,0,0
144,6.4194517,20.555517,2,2,0.623570208,0,0
145,7.8736606,19.800291,2,2,0.623570208,0,0
146,12.14415,28.068293,2,10,1.509869304,0,0
147,-0.26913607,5.818849,2,15,2.099232801,0,0
148,13.434925,30.28605,2,10,1.246705213,0,0
149,0.23741642,25.803589,2,2,0.977417818,0,0
150,4.678815,20.515131,2,2,0.811278124,0,0
151,-2.0112872,5.738083,2,15,2.099232801,0,0
152,1.150392,19.00244,2,2,0.834648285,0,0
153,6.150881,18.3303,2,2,0.918295834,0,0
154,1.481874,19.124926,2,2,0.859531691,0,0
155,12.610062,28.575006,2,10,1.47476948,0,0
156,6.7665467,20.982473,2,2,0.623570208,0,0
157,-1.0304029,24.808933,2,2,0.977417818,0,0
158,8.72914,21.972397,2,2,0.534943699,0,0
159,3.9839618,20.647072,2,2,0.849751137,0,0
160,0.15116112,25.902132,2,2,0.977417818,0,0
161,7.898408,21.936722,2,2,0.574635698,0,0
162,-0.4145769,26.105497,2,2,0.977417818,0,0
163,8.276456,22.652393,2,2,0.543564443,0,0
164,3.575921,20.203543,2,2,0.977895682,0,0
165,-0.095186196,6.270272,2,15,2.099232801,0,0
166,6.665958,20.357416,2,2,0.623570208,0,0
167,7.7217174,21.45003,2,2,0.623570208,0,0
168,1.2557764,6.5585093,2,15,1.734693952,1,0
169,13.288799,29.452257,2,10,1.401351763,0,0
170,3.362195,20.013231,2,2,0.989375583,0,0
171,6.510827,21.659224,2,2,0.623570208,0,0
172,-0.62699354,4.982778,2,15,2.099232801,0,0
173,-0.35703632,5.537159,2,15,2.099232801,0,0
174,0.426712,26.126421,2,2,0.977417818,0,0
175,5.1487937,21.676992,2,2,0.642064289,0,0
176,8.409558,21.81442,2,2,0.534943699,0,0
177,-1.1290877,25.022163,2,2,0.977417818,0,0
178,5.9927235,17.928568,2,2,0.98337619,1,0
179,7.711186,20.837788,2,2,0.623570208,0,0
180,0.115739636,26.111052,2,2,0.977417818,0,0
181,7.754584,20.00652,2,2,0.623570208,0,0
182,4.6199737,21.784452,2,2,0.672294817,1,0
183,6.501571,20.989058,2,2,0.623570208,0,0
184,12.622989,28.34536,2,10,1.492614068,0,0
185,12.250572,27.764393,2,10,1.509869304,0,0
186,0.10132829,25.868402,2,2,0.977417818,0,0
187,2.2256732,6.865401,2,15,1.509968613,0,0
188,12.794952,29.200333,2,10,1.47476948,0,0
189,8.288267,22.641438,2,2,0.543564443,0,0
190,6.6669602,22.308826,2,2,0.574635698,0,0
191,6.493957,21.608871,2,2,0.623570208,0,0
192,0.41644612,19.099014,2,2,0.829607103,0,0
193,-1.1454535,7.40655,2,15,1.974178878,0,0
194,7.0277114,20.698908,2,2,0.623570208,0,0
195,8.385849,22.442665,2,2,0.543564443,0,0
196,6.712878,22.204332,2,2,0.574635698,0,0
197,7.7807026,22.110247,2,2,0.518569732,0,0
198,-3.1304173,6.4355235,2,15,1.984116549,0,0
199,-0.08541121,25.85816,2,2,0.977417818,0,0
200,7.8354816,20.048132,2,2,0.623570208,1,0
201,7.1780524,21.410885,2,2,0.623570208,0,0
202,6.874461,22.007862,2,2,0.623570208,0,0
203,-0.053888522,5.9837747,2,15,2.099232801,0,1
204,7.580849,20.501534,2,2,0.623570208,0,0
205,6.9124546,22.484016,2,2,0.518569732,0,0
206,4.3420625,20.216484,2,2,0.881290899,0,0
207,1.3063446,18.851925,2,2,0.825626526,0,0
208,-0.24511565,25.487745,2,2,0.977417818,0,0
209,7.168437,20.024582,2,2,0.623570208,0,0
210,0.3390721,-58.999973,3,3,0,0,0
211,1.5866523,-62.2249,3,3,0,0,0
212,-0.77989364,-58.210526,3,3,0,0,0
213,0.21145147,-60.358894,3,3,0,0,0
214,0.6723486,-60.48432,3,3,0,0,0
215,1.2047563,-63.25528,3,3,0,0,0
216,0.8412572,-59.419765,3,3,0,0,0
217,-0.83655584,-59.039402,3,3,0,0,0
218,1.0892546,-60.39293,3,3,0,0,0
219,4.8914614,-61.000885,3,3,0,0,0
220,1.1472293,-62.32791,3,3,0,0,0
221,-0.7443653,-64.06832,3,3,0,0,0
222,0.40476862,-61.732323,3,3,0,0,0
223,4.8632383,-60.821655,3,3,0,0,0
224,-0.1623849,-58.69714,3,3,0,0,0
225,0.8414392,-59.732155,3,3,0,0,0
226,1.5721934,-62.9168,3,3,0,0,0
227,2.8791726,-64.85915,3,3,0,0,0
228,-0.5208568,-64.311226,3,3,0,0,0
229,0.60223943,-59.56222,3,3,0,0,0
230,1.4257421,-65.15604,3,3,0,0,0
231,-1.0546131,-58.207184,3,3,0,0,1
232,2.904004,-63.41868,3,3,0,0,0
233,0.060426045,-59.16644,3,3,0,0,0
234,4.8742557,-61.044575,3,3,0,1,0
235,4.921927,-61.038177,3,3,0,0,0
236,0.35160327,-59.90293,3,3,0,0,0
237,-0.89082795,-57.680607,3,3,0,0,0
238,4.879049,-61.301987,3,3,0,0,0
239,1.2283821,-61.07844,3,3,0,0,0
240,0.49494645,-61.874897,3,3,0,0,0
241,-0.7114079,-64.024185,3,3,0,0,0
242,-0.093624786,-57.996765,3,3,0,0,0
243,0.7009061,-62.36287,3,3,0,1,0
244,1.3497665,-61.97398,3,3,0,0,0
245,1.814274,-63.06914,3,3,0,0,0
246,3.4499197,-65.00937,3,3,0,0,0
247,-0.6125062,-64.27428,3,3,0,0,0
248,-0.7124986,-64.28119,3,3,0,0,0
249,0.75687426,-61.69216,3,3,0,0,0
250,0.58754534,-65.71736,3,3,0,0,0
251,1.8106902,-65.50878,3,3,0,0,0
252,-0.16115329,-58.541393,3,3,0,0,0
253,2.2601829,-65.30483,3,3,0,0,0
254,4.9305906,-61.470913,3,3,0,0,0
255,0.2546192,-60.008694,3,3,0,0,0
256,-0.4744188,-61.30024,3,3,0,0,0
257,-0.27777728,-59.18788,3,3,0,0,0
258,2.868556,-65.05534,3,3,0,0,0
259,4.9779606,-61.284798,3,3,0,1,0
260,2.171155,-63.04246,3,3,0,0,0
261,4.982427,-61.23106,3,3,0,0,0
262,2.165347,-60.717808,3,3,0,0,0
263,2.8778493,-64.93858,3,3,0,0,0
264,0.7896694,-60.542404,3,3,0,0,0
265,1.7209151,-60.345356,3,3,0,0,0
266,-0.35667524,-58.11753,3,3,0,0,0
267,0.1388837,-58.091614,3,3,0,0,0
268,1.794917,-63.290028,3,3,0,0,0
269,1.1534963,-65.167595,3,3,0,0,0
270,1.5205209,-60.627136,3,3,0,1,0
271,0.57058394,-61.04741,3,3,0,0,0
272,0.5090048,-60.651623,3,3,0,0,0
273,0.9733667,-61.058075,3,3,0,0,0
274,1.1484288,-61.672962,3,3,0,1,0
275,1.3329719,-60.31256,3,3,0,0,0
276,2.9917846,-63.616554,3,3,0,0,0
277,2.7545469,-65.20226,3,3,0,0,0
278,0.64106274,-58.8446,3,3,0,0,0
279,0.24495788,-64.89557,3,3,0,0,0
280,-60.846737,-1.129093,4,4,0,1,0
281,-62.148685,1.8255426,4,4,0,0,0
282,-1.2934331,6.316882,4,15,2.099232801,0,0
283,-61.89844,2.7524,4,4,0,0,0
284,-64.93122,2.3613849,4,4,0,0,0
285,-62.335167,-0.23859479,4,4,0,0,0
286,-0.97698784,1.4159846,4,15,1.788450457,0,0
287,-60.648983,-1.4016746,4,4,0,1,0
288,-60.700626,-1.2985781,4,4,0,0,0
289,1.7937094,6.7674236,4,15,1.717090775,0,0
290,-63.519737,1.0956306,4,4,0,0,0
291,-62.42856,0.46618947,4,4,0,0,0
292,-62.441017,-0.25492492,4,4,0,1,0
293,-59.12944,3.3149204,4,4,0,0,0
294,1.9027768,6.8097205,4,15,1.708098664,0,0
295,-63.00995,0.7565022,4,4,0,0,0
296,-64.55352,2.117927,4,4,0,0,0
297,-61.49632,-1.2854562,4,4,0,0,0
298,-62.7626,-1.1641744,4,4,0,0,0
299,-0.81951904,8.339839,4,15,1.977217001,0,0
300,-62.189888,0.9816329,4,4,0,1,0
301,-62.254673,-0.44816664,4,4,0,0,0
302,-58.828686,1.9330276,4,4,0,0,0
303,-62.15834,2.182695,4,4,0,0,0
304,-62.61327,1.2376014,4,4,0,0,0
305,1.8109773,6.7802687,4,15,1.687941045,0,0
306,-63.21148,0.62060374,4,4,0,0,0
307,-62.25922,3.194659,4,4,0,0,0
308,-63.741695,1.536901,4,4,0,0,0
309,-62.711468,2.3707767,4,4,0,0,0
310,-65.276924,2.7758505,4,4,0,0,0
311,-63.953415,1.1955389,4,4,0,0,0
312,-63.407787,1.6346071,4,4,0,0,0
313,-61.93491,2.398441,4,4,0,0,0
314,-0.99291855,1.5639755,4,15,1.806238929,0,0
315,-65.29657,4.1157436,4,4,0,0,0
316,-65.01426,4.276835,4,4,0,0,0
317,-63.789276,1.7450681,4,4,0,0,0
318,-63.571224,2.4496694,4,4,0,0,0
319,-62.52341,2.930132,4,4,0,0,0
320,-1.0350177,7.6895504,4,15,1.974178878,0,0
321,-65.02956,2.679242,4,4,0,0,0
322,-62.920982,1.1719491,4,4,0,0,0
323,-65.55169,3.1853669,4,4,0,0,0
324,-63.128292,2.3279781,4,4,0,0,0
325,-61.704117,2.253,4,4,0,0,0
326,-65.50279,3.9207807,4,4,0,0,0
327,-59.37828,3.5739944,4,4,0,0,0
328,-65.252396,4.2858987,4,4,0,0,0
329,-62.027702,1.5288758,4,4,0,0,0
330,-59.03501,3.4675694,4,4,0,0,0
331,-64.39167,0.84454584,4,4,0,0,0
332,-62.70494,1.7874829,4,4,0,0,0
333,-60.825794,-1.3867517,4,4,0,0,0
334,-59.189915,3.58204,4,4,0,0,0
335,-65.580864,4.0327244,4,4,0,0,0
336,-62.545483,2.8991487,4,4,0,0,0
337,-61.718555,0.7997149,4,4,0,0,0
338,-59.655148,3.8843203,4,4,0,0,0
339,-1.2038394,6.4872966,4,15,1.971566706,0,0
340,-63.335663,1.8291681,4,4,0,0,0
341,-59.174137,3.4320614,4,4,0,0,0
342,-64.13968,2.3644106,4,4,0,0,0
343,-62.827652,0.1698192,4,4,0,0,0
344,-61.442253,1.6352221,4,4,0,0,0
345,-0.926864,8.021676,4,15,1.974178878,0,0
346,-59.084785,3.462061,4,4,0,1,0
347,-62.832592,2.0725355,4,4,0,0,0
348,-61.72534,-0.6328428,4,4,0,0,0
349,-65.37417,4.3402405,4,4,0,0,1
350,33.3323,-17.187101,5,12,0.811278124,0,0
351,38.84392,-23.254402,5,5,0,0,0
352,36.388157,-24.855854,5,5,0,0,0
353,35.97818,-21.5522,5,5,0.165427034,0,0
354,42.08006,-25.42892,5,5,0,0,0
355,37.702587,-22.88029,5,5,0,0,0
356,37.89448,-23.837257,5,5,0,0,0
357,38.751087,-23.922056,5,5,0,0,0
358,42.356598,-25.495098,5,5,0,0,0
359,42.337822,-25.419079,5,5,0,0,0
360,12.743584,-21.295635,5,6,0.866313714,0,0
361,37.149506,-22.669281,5,5,0,0,0
362,11.073051,-20.370373,5,6,0.886439674,0,0
363,36.31076,-26.274815,5,5,0,0,0
364,38.232136,-25.635918,5,5,0,0,0
365,12.4982195,-22.433075,5,6,1.129291743,0,0
366,32.94325,-17.089321,5,12,0.749595257,0,0
367,41.560493,-26.05654,5,5,0,0,0
368,8.314643,-18.693726,5,6,1.182221386,0,0
369,38.10363,-24.002457,5,5,0,0,0
370,27.455444,-12.9064,5,12,0.485460761,0,0
371,11.160071,-20.427425,5,6,0.895264401,0,0
372,39.03117,-24.757566,5,5,0,0,0
373,28.88139,-15.996797,5,12,0.612196127,0,0
374,38.597267,-24.317423,5,5,0,0,0
375,29.300226,-10.851815,5,12,0.396627773,0,0
376,38.139805,-23.673424,5,5,0,0,0
377,32.65801,-16.85877,5,12,0.757878463,0,0
378,35.713596,-26.003265,5,5,0,0,0
379,38.226246,-24.367094,5,5,0,1,0
380,38.186913,-22.878092,5,5,0,0,0
381,12.601926,-21.220802,5,6,0.929355012,0,0
382,37.811108,-25.01208,5,5,0,0,1
383,39.078003,-25.51101,5,5,0,0,0
384,37.228035,-24.571793,5,5,0,1,0
385,37.944767,-24.617552,5,5,0,1,0
386,12.632975,-21.331276,5,6,0.899749875,1,0
387,36.57017,-25.319597,5,5,0,0,0
388,42.081852,-25.192093,5,5,0,0,0
389,12.671842,-21.185684,5,6,0.899749875,0,0
390,39.342827,-24.810629,5,5,0,0,0
391,42.334312,-25.581394,5,5,0,0,0
392,39.381813,-25.07089,5,5,0,0,0
393,8.262533,-18.974216,5,6,1.233088876,0,0
394,41.898983,-25.337227,5,5,0,0,0
395,36.951134,-22.036125,5,5,0,0,0
396,38.97026,-23.387815,5,5,0,0,0
397,28.680147,-15.882508,5,12,0.612196127,0,0
398,38.611263,-24.952835,5,5,0,0,0
399,36.98751,-24.081327,5,5,0,0,0
400,36.762596,-21.989405,5,5,0,0,0
401,38.59245,-24.929808,5,5,0,0,0
402,38.39471,-23.309248,5,5,0,0,0
403,36.004642,-26.035448,5,5,0,0,0
404,35.889587,-26.006332,5,5,0,0,0
405,12.541265,-21.125168,5,6,0.918884358,0,0
406,37.249645,-22.602493,5,5,0,0,0
407,37.688465,-24.065235,5,5,0,0,0
408,37.897278,-25.276348,5,5,0,0,0
409,41.593563,-25.890547,5,5,0,0,0
410,28.401897,-14.678406,5,12,0.531340014,0,0
411,29.968224,-14.029852,5,12,0.60365225,0,0
412,36.58093,-24.313528,5,5,0,0,0
413,38.23064,-22.706886,5,5,0,0,0
414,41.50621,-25.93527,5,5,0,0,0
415,42.05292,-25.51901,5,5,0,0,0
416,37.449944,-23.734554,5,5,0,0,0
417,37.654263,-24.896196,5,5,0,0,0
418,38.810966,-24.247717,5,5,0,0,0
419,38.34777,-25.0223,5,5,0,0,0
420,3.62729,-13.999135,6,1,1.575114591,0,0
421,8.737896,-22.983007,6,6,1.281818794,0,0
422,7.221462,-19.873085,6,6,1.045336351,0,0
423,3.3800132,-21.16175,6,6,0.855352913,0,0
424,9.595063,-21.076454,6,6,0.958961465,0,0
425,7.532262,-20.060583,6,6,0.979786056,0,0
426,9.875691,-20.846077,6,6,0.958961465,0,0
427,8.882265,-24.180662,6,6,1.28200774,0,0
428,12.633279,-18.226236,6,6,1.214521997,0,0
429,3.6176188,-13.733828,6,1,1.581290899,0,0
430,12.282462,-19.066177,6,6,1.076297626,0,0
431,7.003754,-19.578106,6,6,1.045336351,0,0
432,9.096552,-21.539509,6,6,1.139374006,0,0
433,-2.7127056,-13.073643,6,1,1.181290899,0,0
434,9.824312,-24.418346,6,6,1.225153944,0,0
435,8.486743,-20.54342,6,6,1.096299588,0,0
436,6.7121096,-20.724182,6,6,1.000635305,0,0
437,10.155613,-24.143456,6,6,1.212681955,0,0
438,7.6022263,-21.47226,6,6,0.944651862,0,0
439,11.704393,-16.953018,6,6,1.217016339,0,0
440,3.5217671,-21.626474,6,6,0.547553155,0,0
441,3.3287406,-21.205803,6,6,0.80222433,0,0
442,6.551084,-20.219748,6,6,1.057188414,0,0
443,3.619725,-13.949256,6,1,1.575114591,0,0
444,3.3172731,-21.10689,6,6,0.899755959,0,0
445,8.949074,-20.256971,6,6,1.158826876,0,0
446,6.171767,-19.619537,6,6,1.016191133,1,0
447,8.717069,-20.561556,6,6,1.119443189,0,0
448,3.8756733,-14.332621,6,1,1.564405052,0,0
449,4.608013,-11.79377,6,1,1.429473298,0,0
450,7.9840865,-20.709236,6,6,1.119443189,0,0
451,10.185702,-25.326963,6,6,1.366430358,0,0
452,3.1384199,-13.508669,6,1,1.584962501,0,0
453,7.127833,-19.02578,6,6,1.0693302,0,0
454,9.76056,-24.46047,6,6,1.225153944,1,0
455,8.090295,-21.333971,6,6,1.007318572,0,0
456,12.522594,-17.851936,6,6,1.230959563,0,1
457,8.7418585,-22.307606,6,6,1.210902907,0,0
458,12.580447,-17.998161,6,6,1.214521997,0,0
459,9.778211,-24.6445,6,6,1.250796683,0,0
460,8.090269,-22.501984,6,6,1.16887182,0,0
461,10.082164,-24.614485,6,6,1.263969571,0,0
462,7.998384,-19.848372,6,6,1.09543128,0,0
463,12.576486,-18.068924,6,6,1.214521997,0,0
464,8.663705,-20.020731,6,6,1.185326065,0,0
465,3.3624074,-21.04046,6,6,0.899755959,0,0
466,7.136364,-19.956879,6,6,1.045336351,0,0
467,9.455184,-20.6691,6,6,1.049385209,0,0
468,8.692239,-19.963274,6,6,1.185326065,0,0
469,11.818985,-19.531815,6,6,1.017613304,0,0
470,8.77798,-23.550974,6,6,1.293502298,0,0
471,8.02501,-20.773703,6,6,1.086465696,0,0
472,8.592568,-21.712334,6,6,1.181531007,0,0
473,6.143582,-18.552309,6,6,0.98856017,0,0
474,6.756005,-20.914846,6,6,0.990092471,0,0
475,-3.0460927,-13.123206,6,1,1.215533232,0,0
476,-2.9582887,-13.3759985,6,1,1.251629167,0,0
477,8.598825,-23.845798,6,6,1.294919225,0,0
478,8.4038315,-21.065878,6,6,1.089519409,0,0
479,8.587772,-23.378868,6,6,1.293502298,0,0
480,7.793394,-20.916475,6,6,1.096299588,0,0
481,6.580911,-17.900515,6,6,1.042344321,0,0
482,10.248304,-24.215427,6,6,1.212681955,0,0
483,3.3699808,-21.296686,6,6,0.80222433,0,0
484,3.1016676,-13.734037,6,1,1.584962501,0,0
485,12.420355,-19.32504,6,6,1.090498539,0,0
486,12.451042,-18.468344,6,6,1.16608706,0,0
487,6.231903,-19.343178,6,6,1.028364923,0,0
488,8.164704,-22.05527,6,6,1.139374006,0,0
489,7.5067596,-20.546669,6,6,0.969708346,0,0
490,-28.485176,-11.800085,7,7,0.640944185,0,0
491,-27.63548,-11.452049,7,7,0.755375413,0,0
492,-29.914223,-10.212356,7,7,0.468995594,0,1
493,-19.957108,-20.435013,7,11,0.799048521,0,0
494,-29.114279,-17.151537,7,11,1.07832208,0,0
495,-14.744785,-11.299845,7,11,1.994105071,0,0
496,-29.433722,-11.29141,7,7,0.391243564,0,0
497,-17.240284,-12.541988,7,11,1.579013207,0,0
498,-29.407316,-10.395312,7,7,0.468995594,0,0
499,-26.6469,-5.360365,7,7,0.757878463,0,0
500,-16.973154,-12.588526,7,11,1.583226274,0,0
501,-28.884222,-17.519514,7,11,1.07832208,0,0
502,-28.84235,-17.737198,7,11,1.07832208,0,0
503,-26.730566,-4.8766994,7,7,0.811278124,0,0
504,-28.568705,-9.561721,7,7,0.57700425,0,0
505,-29.308716,-10.382222,7,7,0.534943699,0,0
506,-29.017546,-9.427358,7,7,0.591672779,0,0
507,-29.295061,-16.872763,7,11,1.143320102,0,0
508,-15.738024,-11.348563,7,11,1.952829683,1,0
509,-28.922451,-9.913322,7,7,0.623570208,0,0
510,-26.568007,-5.3731074,7,7,0.757878463,0,0
511,-28.315098,-10.15481,7,7,0.666578358,0,0
512,-20.502853,-21.402954,7,11,0.836640742,0,0
513,-14.371651,-11.205333,7,11,1.971335285,0,0
514,-26.340073,-5.1316075,7,7,0.783776947,0,0
515,-28.199936,-10.089622,7,7,0.650022422,0,0
516,-29.08894,-17.756739,7,11,1.07832208,0,0
517,-28.13429,-9.418677,7,7,0.569961376,0,0
518,-29.387886,-10.804392,7,7,0.468995594,0,0
519,-26.478271,-5.7316165,7,7,0.689201985,0,0
520,-27.229902,-8.35603,7,7,0.569961376,0,0
521,-29.334515,-16.757843,7,11,1.143320102,0,0
522,-28.848991,-10.968061,7,7,0.591672779,0,0
523,-28.113377,-10.149595,7,7,0.704576713,0,0
524,-27.63256,-8.577938,7,7,0.569961376,0,0
525,-12.128308,-13.09294,7,11,1.888621521,0,0
526,-28.763113,-9.157104,7,7,0.569961376,0,0
527,-26.571829,-5.065767,7,7,0.783776947,0,0
528,-27.399277,-9.646951,7,7,0.650022422,0,0
529,-29.166582,-17.088575,7,11,1.099483982,0,0
530,-30.052383,-10.549236,7,7,0.391243564,0,0
531,-28.419493,-9.594703,7,7,0.57700425,1,0
532,-11.996242,-12.964943,7,11,1.888621521,0,0
533,-15.301372,-11.689886,7,11,1.986053575,0,0
534,-27.81861,-8.312393,7,7,0.569961376,0,0
535,-20.307224,-21.170286,7,11,0.823811633,0,0
536,-27.371803,-8.684369,7,7,0.569961376,0,0
537,-28.118233,-10.329992,7,7,0.713146749,0,0
538,-28.656248,-10.148225,7,7,0.632130278,0,0
539,-26.844526,-5.164403,7,7,0.770629069,0,0
540,-30.400764,-9.183841,7,7,0.591672779,0,0
541,-27.284332,-9.553781,7,7,0.650022422,0,0
542,-19.944664,-20.55751,7,11,0.799048521,0,0
543,-28.850183,-9.32548,7,7,0.569961376,0,0
544,-28.406824,-11.179222,7,7,0.684038436,0,0
545,-28.840288,-11.0917015,7,7,0.591672779,0,0
546,-27.409155,-10.53534,7,7,0.776555785,0,0
547,-29.720108,-11.254114,7,7,0.179256067,0,0
548,-22.632881,-21.514872,7,11,0.702466551,0,0
549,-20.134258,-20.505438,7,11,0.764204507,1,0
550,-26.283209,-5.453165,7,7,0.770629069,0,0
551,-15.02913,-11.708808,7,11,1.986053575,0,0
552,-26.903097,-5.4078174,7,7,0.721928095,1,0
553,-20.63839,-21.020506,7,11,0.775512658,0,0
554,-27.75811,-8.783492,7,7,0.569961376,0,0
555,-28.125324,-8.252665,7,7,0.569961376,0,0
556,-13.401822,-10.980765,7,11,1.8836633,0,0
557,-30.218405,-9.395716,7,7,0.591672779,0,0
558,-19.881535,-20.175377,7,11,0.764204507,0,0
559,-26.880941,-8.576374,7,7,0.569961376,0,0
560,45.81737,25.774279,8,8,0,0,0
561,50.14955,30.477983,8,8,0,0,0
562,48.512703,32.08283,8,8,0,0,1
563,49.393955,29.541769,8,8,0,0,0
564,49.98738,30.401915,8,8,0,0,0
565,52.102028,32.683567,8,8,0,0,0
566,49.378742,30.212965,8,8,0,0,0
567,48.86812,26.048708,8,8,0,0,0
568,49.964024,26.963814,8,8,0,0,0
569,48.694477,26.025278,8,8,0,0,0
570,47.241013,28.280579,8,8,0,0,0
571,51.035748,31.495146,8,8,0,0,0
572,48.494644,26.005644,8,8,0,1,0
573,50.70945,31.192976,8,8,0,0,0
574,50.307648,31.383286,8,8,0,0,0
575,49.152454,30.081694,8,8,0,0,0
576,47.368603,26.203213,8,8,0,0,0
577,48.57398,29.615374,8,8,0,0,0
578,47.15187,28.155209,8,8,0,1,0
579,45.979546,27.024313,8,8,0,0,0
580,50.775887,31.627834,8,8,0,0,0
581,48.52727,32.359123,8,8,0,0,0
582,51.729458,33.157944,8,8,0,0,0
583,50.418854,30.98934,8,8,0,0,0
584,48.408916,28.51931,8,8,0,0,0
585,47.797047,31.256292,8,8,0,0,0
586,47.789585,27.04884,8,8,0,0,0
587,48.62361,25.957449,8,8,0,0,0
588,48.430336,28.892956,8,8,0,0,0
589,52.07351,32.74026,8,8,0,0,0
590,47.52586,28.337238,8,8,0,0,0
591,49.088154,26.251106,8,8,0,0,0
592,46.36764,26.639105,8,8,0,0,0
593,49.562042,26.77717,8,8,0,1,0
594,50.984177,32.027893,8,8,0,0,0
595,47.165493,27.529408,8,8,0,0,0
596,49.117382,29.868904,8,8,0,0,0
597,47.882637,28.810495,8,8,0,0,0
598,51.76697,32.408195,8,8,0,0,0
599,48.547424,32.23925,8,8,0,0,0
600,46.701283,26.948774,8,8,0,0,0
601,46.34226,27.309721,8,8,0,0,0
602,48.28919,29.337038,8,8,0,0,0
603,48.7833,29.612978,8,8,0,0,0
604,47.977592,25.921545,8,8,0,0,0
605,46.79333,27.43594,8,8,0,0,0
606,49.799957,30.804375,8,8,0,0,0
607,49.311653,29.452105,8,8,0,0,0
608,51.26112,32.662724,8,8,0,0,0
609,51.52763,33.05738,8,8,0,0,0
610,51.14427,32.578518,8,8,0,0,0
611,47.623264,25.325829,8,8,0,0,0
612,50.058765,30.885378,8,8,0,0,0
613,46.326874,26.391497,8,8,0,0,0
614,51.930927,33.169476,8,8,0,0,0
615,49.27683,29.6126,8,8,0,0,0
616,47.70313,27.868368,8,8,0,0,0
617,47.74146,28.645151,8,8,0,0,0
618,48.62889,28.884916,8,8,0,0,0
619,46.120453,26.21323,8,8,0,0,0
620,52.139538,33.14432,8,8,0,0,0
621,47.333824,25.985062,8,8,0,0,0
622,50.57559,31.662682,8,8,0,0,0
623,48.621178,32.42567,8,8,0,0,0
624,51.403,32.24129,8,8,0,0,0
625,47.229465,28.53047,8,8,0,1,0
626,51.622833,32.10915,8,8,0,1,0
627,46.77368,27.820427,8,8,0,0,0
628,50.07631,31.251348,8,8,0,0,0
629,50.39827,27.36316,8,8,0,1,0
630,-2.96625,64.58501,9,9,0,0,0
631,-3.7683163,65.56794,9,9,0,0,0
632,-1.70987,62.97853,9,9,0,0,0
633,-7.4023976,66.93971,9,9,0,1,0
634,-1.1844977,62.675537,9,9,0,0,0
635,-4.3203726,65.43236,9,9,0,0,0
636,-6.9517198,66.30855,9,9,0,0,0
637,-0.531639,61.81693,9,9,0,0,0
638,-0.99395376,62.859474,9,9,0,0,0
639,-5.39631,65.15877,9,9,0,0,0
640,-0.73518133,61.90642,9,9,0,0,0
641,-3.2307315,65.33989,9,9,0,0,0
642,-1.4411485,66.585045,9,9,0,0,0
643,-3.6386068,65.28874,9,9,0,0,0
644,-1.054128,62.05238,9,9,0,0,0
645,-0.4540468,65.47789,9,9,0,0,0
646,-3.8921006,67.9871,9,9,0,0,0
647,-5.7105594,66.61635,9,9,0,0,0
648,-1.0986102,62.198273,9,9,0,0,0
649,-5.800124,66.346085,9,9,0,0,0
650,-1.0176643,66.10818,9,9,0,0,0
651,-3.1697416,64.30904,9,9,0,1,0
652,-5.232319,66.07937,9,9,0,0,0
653,-7.311109,66.58977,9,9,0,0,0
654,-4.0584216,67.862564,9,9,0,0,0
655,-1.9407157,63.26734,9,9,0,0,0
656,-4.55771,65.83168,9,9,0,0,0
657,-3.6863859,64.8016,9,9,0,0,0
658,-4.4637156,65.497,9,9,0,1,0
659,-2.2075083,64.060974,9,9,0,0,0
660,-3.4620357,65.228386,9,9,0,0,0
661,-0.3333569,62.276974,9,9,0,0,0
662,-2.6970816,64.04459,9,9,0,0,0
663,-3.3200946,63.89784,9,9,0,0,0
664,-1.3793855,66.97324,9,9,0,0,0
665,-6.309162,67.27337,9,9,0,0,0
666,-7.4866567,67.55296,9,9,0,0,0
667,-5.171271,65.61403,9,9,0,0,0
668,-3.7671604,68.02347,9,9,0,0,0
669,-2.101535,63.373043,9,9,0,0,1
670,-6.1920953,65.97187,9,9,0,0,0
671,-7.226085,66.812,9,9,0,0,0
672,-4.8087587,68.291435,9,9,0,0,0
673,-3.135783,67.60266,9,9,0,0,0
674,-0.44545436,62.450417,9,9,0,0,0
675,-1.0185381,62.920704,9,9,0,1,0
676,-0.43313044,65.56759,9,9,0,0,0
677,-4.6641827,64.84474,9,9,0,0,0
678,-0.47854763,62.14743,9,9,0,0,0
679,-0.564326,62.693775,9,9,0,0,0
680,-4.2117367,64.56219,9,9,0,0,0
681,-5.701648,68.28078,9,9,0,0,0
682,-2.8796284,64.654625,9,9,0,0,0
683,-1.8378558,62.808086,9,9,0,0,0
684,-0.50113285,65.76106,9,9,0,0,0
685,-5.7870502,66.17601,9,9,0,0,0
686,-6.0815697,65.80882,9,9,0,0,0
687,-3.931732,64.524254,9,9,0,0,0
688,-2.861302,64.6402,9,9,0,0,0
689,-7.567113,67.26537,9,9,0,0,0
690,-4.0222898,64.99271,9,9,0,0,0
691,-4.6123915,68.21861,9,9,0,0,0
692,-4.4419503,68.25528,9,9,0,0,0
693,-1.4840409,66.64773,9,9,0,0,0
694,-3.844152,67.830536,9,9,0,0,0
695,-3.7523255,64.41075,9,9,0,0,0
696,-1.4190476,62.460526,9,9,0,0,0
697,-1.1830292,66.30627,9,9,0,0,0
698,-6.8953805,66.65358,9,9,0,0,0
699,-1.7645284,63.39569,9,9,0,0,0
700,-18.99386,-12.151796,10,11,1.569025574,0,0
701,20.372128,34.066868,10,10,0,0,0
702,15.360533,34.918457,10,10,0,0,0
703,17.030598,34.472694,10,10,0,0,0
704,16.923244,35.32261,10,10,0,1,0
705,16.343266,35.65064,10,10,0,0,0
706,18.178934,37.594177,10,10,0,0,0
707,16.064331,35.46889,10,10,0,0,0
708,15.722974,35.581116,10,10,0,0,0
709,16.77596,34.08744,10,10,0,0,0
710,14.489345,30.615946,10,10,1.01543128,0,0
711,18.035887,37.831547,10,10,0,0,0
712,15.229192,34.40059,10,10,0.139232999,0,0
713,20.375696,34.08536,10,10,0,0,0
714,18.06799,37.692894,10,10,0,0,0
715,15.428982,33.854652,10,10,0.216396932,0,0
716,14.112257,31.429504,10,10,0.733898811,0,0
717,15.7748785,34.585667,10,10,0.129233775,0,0
718,13.994509,30.491465,10,10,1.118316528,0,0
719,16.1017,34.153698,10,10,0.129233775,0,0
720,-16.257448,-12.332902,10,11,1.741294365,0,0
721,16.317146,34.783485,10,10,0,0,0
722,14.332877,31.809978,10,10,0.742731941,0,0
723,16.199121,34.633812,10,10,0,0,0
724,-19.110641,-13.528632,10,11,1.509869304,1,0
725,15.944274,33.21336,10,10,0.216396932,0,0
726,20.36722,34.092712,10,10,0,0,0
727,20.523308,33.64734,10,10,0,0,0
728,17.134165,34.28164,10,10,0,0,0
729,17.511421,37.216633,10,10,0,0,0
730,16.849876,34.07225,10,10,0,0,0
731,13.266014,29.347963,10,10,1.401351763,0,0
732,16.03944,33.226807,10,10,0.213579815,0,0
733,16.439955,34.239445,10,10,0.129233775,0,0
734,16.671225,34.59894,10,10,0,0,0
735,19.691334,35.517696,10,10,0,0,0
736,16.738157,33.29547,10,10,0.127418512,0,1
737,18.079098,37.750122,10,10,0,0,0
738,13.011636,28.774864,10,10,1.47476948,0,0
739,-18.938728,-13.412948,10,11,1.541315277,0,0
740,17.08171,32.957928,10,10,0.127418512,0,0
741,16.372482,33.20177,10,10,0.213579815,0,0
742,17.984484,37.689293,10,10,0,0,0
743,17.498734,35.017006,10,10,0,0,0
744,14.124918,30.573013,10,10,1.063976597,0,0
745,-15.330614,-12.2624,10,11,1.986053575,0,0
746,20.323065,34.15134,10,10,0,1,0
747,13.08033,29.312506,10,10,1.438175559,0,0
748,15.59615,34.988457,10,10,0,0,0
749,14.150644,31.139343,10,10,0.845106415,0,0
750,-18.812162,-12.394051,10,11,1.569025574,0,0
751,17.796913,37.539673,10,10,0,0,0
752,-29.04196,-18.480091,10,11,1.07832208,0,0
753,-19.077305,-13.514361,10,11,1.509869304,0,0
754,17.769943,37.494076,10,10,0,0,0
755,16.703835,33.554398,10,10,0.127418512,0,0
756,11.833918,27.46844,10,10,1.52623491,0,0
757,13.606892,29.811901,10,10,1.295500174,0,0
758,15.103709,32.877426,10,10,0.40790598,0,0
759,-18.990932,-12.114489,10,11,1.569025574,0,0
760,16.45704,35.313465,10,10,0,0,0
761,16.016092,34.035023,10,10,0.127418512,0,0
762,14.153376,31.659159,10,10,0.733898811,0,0
763,20.267336,34.315826,10,10,0,0,0
764,15.99624,34.800156,10,10,0,1,0
765,13.837826,30.762062,10,10,1.063976597,0,0
766,-13.183865,-10.856511,10,11,1.8836633,0,0
767,15.230327,34.4543,10,10,0.139232999,0,0
768,15.875078,31.889704,10,10,0.456683632,0,0
769,16.746975,35.109035,10,10,0,0,0
770,-23.682055,-17.983318,11,11,0.566509507,0,0
771,-22.130983,-21.562443,11,11,0.73206669,0,0
772,-25.84805,-7.857738,11,7,0.57700425,0,0
773,-15.412252,-13.020959,11,11,1.972778391,0,0
774,-23.892262,-16.250109,11,11,0,0,0
775,-15.520582,-12.984181,11,11,1.952829683,0,0
776,-28.356668,-18.80962,11,11,0.98159126,0,0
777,-23.789406,-17.893272,11,11,0.560576943,0,0
778,-22.274942,-17.651535,11,11,0.619382195,0,0
779,-16.501236,-12.782795,11,11,1.583226274,0,0
780,-24.545048,-14.236216,11,11,0.477071306,0,0
781,-25.964312,-7.4330344,11,7,0.599314237,1,0
782,-24.26316,-17.384064,11,11,0.649609635,0,0
783,-24.661379,-16.898544,11,11,0.703007494,0,0
784,-25.04338,-17.241077,11,11,0.742731941,0,0
785,-23.873198,-17.027006,11,11,0.156491063,0,0
786,-28.482847,-19.485798,11,11,1.03777242,0,0
787,-22.210133,-17.406189,11,11,0.815298089,0,0
788,-24.527433,-18.003597,11,11,0.720523937,0,0
789,-21.572462,-21.633242,11,11,0.775512658,0,0
790,-28.04901,-18.763672,11,11,0.930821719,1,0
791,-24.489883,-16.617413,11,11,0.712016148,0,0
792,-26.076197,-7.8043485,11,7,0.57700425,0,0
793,-15.412886,-13.358857,11,11,1.952829683,0,0
794,-22.798252,-16.587088,11,11,0.918759616,0,0
795,-15.18703,-13.055123,11,11,1.994105071,0,0
796,-21.537668,-21.774134,11,11,0.799048521,0,0
797,-22.511871,-17.119764,11,11,0.815298089,0,0
798,-24.646164,-13.657512,11,11,0.773226674,0,0
799,-20.10265,-21.184475,11,11,0.836640742,0,0
800,-27.971294,-19.009686,11,11,0.930821719,0,0
801,-25.040674,-17.661194,11,11,0.733898811,0,0
802,-21.935734,-21.837677,11,11,0.787126586,0,0
803,-23.050804,-17.184883,11,11,0.619382195,0,0
804,-16.245296,-13.425509,11,11,1.741294365,1,0
805,-21.810232,-18.272844,11,11,0.626751137,0,0
806,-21.6058,-22.007883,11,11,0.823811633,0,0
807,-23.146048,-21.60093,11,11,0.693127415,0,0
808,-14.908516,-11.620236,11,11,1.994105071,0,0
809,-20.345108,-21.133574,11,11,0.823811633,0,0
810,-28.136646,-18.37943,11,11,0.899755959,0,0
811,-24.597742,-13.141673,11,11,0.845350937,0,0
812,-23.572117,-17.431133,11,11,0.537376085,0,0
813,-26.75512,-6.1038365,11,7,0.659375881,0,0
814,-22.742908,-17.637478,11,11,0.612196127,0,0
815,-28.20974,-18.412573,11,11,0.930821719,0,0
816,-21.595613,-21.849,11,11,0.799048521,0,0
817,-23.715918,-16.126404,11,11,0,0,0
818,-23.714882,-18.174185,11,11,0.566509507,0,0
819,-24.377739,-15.110947,11,11,0.179256067,0,0
820,-15.365133,-13.215556,11,11,1.952829683,0,0
821,-24.393661,-14.836165,11,11,0.183122068,0,0
822,-15.351451,-13.146736,11,11,1.972778391,0,1
823,-23.468105,-17.036295,11,11,0.543564443,0,0
824,-21.92997,-18.460918,11,11,0.634309555,0,0
825,-26.186241,-9.361771,11,7,0.650022422,0,0
826,-24.18167,-17.47246,11,11,0.63311989,0,0
827,-24.141134,-17.586437,11,11,0.700726127,0,0
828,-23.110975,-17.406572,11,11,0.612196127,0,0
829,-23.332888,-16.696125,11,11,0.391243564,0,0
830,-28.372564,-19.372986,11,11,1.018424695,0,0
831,-21.224358,-21.669075,11,11,0.811278124,0,0
832,-24.446745,-14.065531,11,11,0.485460761,0,0
833,-23.574398,-16.922459,11,11,0.359101626,0,0
834,-26.416723,-6.2368503,11,7,0.669015835,0,0
835,-25.702814,-6.794311,11,7,0.689201985,0,0
836,-23.11017,-17.741484,11,11,0.612196127,0,0
837,-25.474913,-17.268353,11,11,0.703007494,0,0
838,-28.117908,-19.141878,11,11,0.98159126,0,0
839,-15.385192,-12.81587,11,11,1.972778391,0,0
840,30.06237,-10.300561,12,12,0.419921097,0,0
841,25.114449,-13.6844425,12,12,0.552495114,0,0
842,25.18653,-13.641223,12,12,0.591672779,0,0
843,29.681204,-13.313014,12,12,0.560576943,0,0
844,27.265034,-9.294824,12,12,0.286396957,0,0
845,-0.94533217,1.4071388,12,15,1.788450457,1,0
846,4.862435,-16.380262,12,6,1.553307347,0,0
847,30.371891,-14.400231,12,12,0.636015618,0,0
848,33.03322,-16.026834,12,12,0.699772222,0,0
849,29.180857,-13.949815,12,12,0.554778163,0,0
850,30.197273,-10.6048155,12,12,0.419921097,0,0
851,29.8171,-12.209912,12,12,0.479832024,0,0
852,30.366566,-12.74911,12,12,0.556421567,1,0
853,12.466235,-17.372873,12,6,1.253801391,0,0
854,24.573063,-12.301191,12,12,0.448864489,0,0
855,5.933413,-17.123308,12,6,1.109612405,0,0
856,32.384415,-15.222868,12,12,0.591672779,0,0
857,33.570656,-17.23485,12,12,0.845350937,0,0
858,25.103033,-13.632247,12,12,0.543564443,0,0
859,6.9632034,-19.98627,12,6,1.045336351,1,0
860,6.0271144,-17.088142,12,6,1.109612405,0,0
861,29.0269,-14.199196,12,12,0.554778163,0,0
862,29.59327,-14.328341,12,12,0.60365225,0,0
863,32.725056,-15.933772,12,12,0.669015835,0,0
864,26.824589,-8.921374,12,12,0.362051252,0,0
865,29.036688,-12.440858,12,12,0.474345438,0,0
866,29.414646,-14.699835,12,12,0.60365225,0,0
867,28.73793,-13.241905,12,12,0.468995594,0,0
868,28.820623,-12.157103,12,12,0.474345438,0,0
869,29.866913,-10.40455,12,12,0.419921097,0,0
870,28.482752,-14.340955,12,12,0.531340014,0,0
871,33.09854,-16.82006,12,12,0.735508582,0,0
872,31.328583,-13.532362,12,12,0.636015618,0,0
873,29.889713,-14.322154,12,12,0.60365225,0,0
874,5.7417135,-16.553926,12,6,1.402815952,0,0
875,29.939037,-13.651659,12,12,0.609840305,0,0
876,5.799639,-16.853735,12,6,1.289375959,0,0
877,5.9644966,-17.031569,12,6,1.124185416,0,1
878,32.386223,-15.111148,12,12,0.584238812,0,0
879,31.57095,-13.006122,12,12,0.636015618,0,0
880,33.214596,-16.273216,12,12,0.721928095,0,0
881,29.025957,-13.094469,12,12,0.46377735,1,0
882,33.28092,-16.696486,12,12,0.735508582,0,0
883,30.594034,-13.33848,12,12,0.636015618,0,0
884,30.566526,-11.519452,12,12,0.51594693,0,0
885,25.106789,-13.764783,12,12,0.552495114,0,0
886,29.289309,-14.461888,12,12,0.60365225,0,0
887,28.456099,-14.012137,12,12,0.485460761,0,0
888,29.425982,-12.991938,12,12,0.46377735,0,0
889,28.680546,-12.243462,12,12,0.474345438,0,0
890,28.924015,-10.774627,12,12,0.376019851,0,0
891,24.79353,-12.7587805,12,12,0.512709142,0,0
892,30.335157,-10.591821,12,12,0.41381685,0,0
893,30.101986,-12.407194,12,12,0.503258335,0,0
894,12.397555,-17.104372,12,6,1.272259566,0,0
895,28.150318,-13.867582,12,12,0.491237342,0,0
896,29.077002,-13.400665,12,12,0.519702787,0,0
897,26.83109,-8.915351,12,12,0.371232327,0,0
898,24.624075,-12.374519,12,12,0.448864489,0,0
899,29.099707,-11.612215,12,12,0.474345438,0,0
900,28.05135,-12.768146,12,12,0.474345438,0,0
901,30.930101,-11.159937,12,12,0.40790598,0,0
902,30.046165,-13.357475,12,12,0.566509507,0,0
903,25.118704,-13.684727,12,12,0.552495114,0,0
904,26.924316,-8.993729,12,12,0.345117315,0,0
905,28.700228,-13.758428,12,12,0.479832024,0,0
906,31.536123,-13.555271,12,12,0.636015618,0,0
907,29.762762,-10.97695,12,12,0.40790598,1,0
908,28.694382,-12.380198,12,12,0.474345438,0,0
909,4.762447,-16.921537,12,6,1.359254316,0,0
910,61.815266,0.37820944,13,13,0,0,0
911,62.30289,0.40988275,13,13,0,0,0
912,60.301876,-0.25925803,13,13,0,0,0
913,62.756546,-1.2516406,13,13,0,0,0
914,64.60705,-3.8828971,13,13,0,0,0
915,61.655655,1.1303349,13,13,0,0,0
916,63.613586,-3.1332238,13,13,0,0,0
917,62.50074,0.8239145,13,13,0,1,0
918,60.347927,-0.13554464,13,13,0,0,0
919,65.0614,-4.1919193,13,13,0,0,0
920,66.06273,-0.06302407,13,13,0,0,0
921,65.712555,-0.47397488,13,13,0,0,0
922,67.528305,-2.6319232,13,13,0,0,0
923,64.524574,0.1736906,13,13,0,0,0
924,65.63767,0.15207723,13,13,0,0,0
925,67.409355,-2.4261749,13,13,0,0,0
926,66.55686,-0.49426737,13,13,0,0,0
927,64.46394,-0.48104346,13,13,0,0,0
928,62.362514,-0.11585129,13,13,0,0,0
929,67.57239,-2.6090295,13,13,0,0,0
930,66.06026,-3.9826453,13,13,0,0,0
931,63.113617,0.3902563,13,13,0,0,0
932,63.68134,0.14521325,13,13,0,0,0
933,64.881744,1.6270235,13,13,0,0,0
934,65.01301,-0.19338427,13,13,0,0,0
935,67.58683,-2.4949775,13,13,0,0,0
936,67.626755,0.7977721,13,13,0,0,0
937,67.708115,0.9988692,13,13,0,0,0
938,64.69775,-3.9260254,13,13,0,0,0
939,64.57867,-3.7808712,13,13,0,0,0
940,63.708534,0.20672642,13,13,0,0,0
941,65.15555,-4.3209496,13,13,0,0,0
942,65.31319,-0.404927,13,13,0,0,0
943,66.806946,-0.81158924,13,13,0,0,0
944,61.483418,0.8123181,13,13,0,0,0
945,62.436356,0.49005228,13,13,0,0,0
946,65.39091,1.8180324,13,13,0,0,0
947,61.416534,0.8929094,13,13,0,0,0
948,60.131893,-0.24884854,13,13,0,0,0
949,64.94707,-0.5424555,13,13,0,0,0
950,64.83733,0.23854226,13,13,0,0,0
951,64.04574,-0.57596666,13,13,0,1,0
952,64.47897,1.6808143,13,13,0,0,0
953,63.25571,-0.034024272,13,13,0,0,0
954,64.12084,-0.08788979,13,13,0,0,0
955,66.3352,0.7583205,13,13,0,0,0
956,66.21424,-3.884628,13,13,0,0,0
957,65.57568,-0.051947743,13,13,0,0,0
958,67.836754,1.0286051,13,13,0,0,0
959,61.320835,0.5803532,13,13,0,0,0
960,67.599174,-2.5301087,13,13,0,0,1
961,64.6716,-0.43899056,13,13,0,0,0
962,64.83646,0.03577887,13,13,0,0,0
963,66.17783,-3.8681986,13,13,0,0,0
964,66.60565,-0.3493345,13,13,0,0,0
965,67.55776,-2.5201063,13,13,0,0,0
966,65.28341,-0.9226873,13,13,0,0,0
967,63.92513,0.4294603,13,13,0,0,0
968,61.97207,0.22473815,13,13,0,0,0
969,64.699715,0.5456365,13,13,0,0,0
970,63.66435,-3.0628393,13,13,0,0,0
971,60.35828,-0.12623943,13,13,0,0,0
972,67.69009,1.2369283,13,13,0,0,0
973,65.08949,1.0783156,13,13,0,0,0
974,67.84125,1.188335,13,13,0,0,0
975,62.041145,0.76950973,13,13,0,0,0
976,62.99038,1.0802684,13,13,0,0,0
977,60.143547,-0.21127838,13,13,0,0,0
978,65.45802,0.15242672,13,13,0,0,0
979,65.61337,1.6607261,13,13,0,0,0
980,-4.3113804,6.8576245,14,15,1.978482028,0,0
981,-16.963533,12.948384,14,14,0,0,0
982,-19.343204,15.335783,14,14,0,0,0
983,-21.500378,13.252172,14,14,0,0,0
984,10.424932,-26.842632,14,6,1.175283587,0,0
985,-20.31551,14.86847,14,14,0,0,0
986,-16.936663,13.369724,14,14,0,0,0
987,-18.963549,19.245302,14,14,0,0,0
988,-17.11535,13.93148,14,14,0,0,0
989,6.931614,-23.32836,14,6,0.878396198,0,0
990,-17.364616,12.765026,14,14,0,0,0
991,-18.335497,14.418086,14,14,0,0,0
992,-19.569439,12.780948,14,14,0,1,0
993,-18.070902,14.851865,14,14,0,0,0
994,-20.213772,14.360512,14,14,0,1,0
995,-20.538294,12.536002,14,14,0,0,0
996,-19.411158,15.990584,14,14,0,0,0
997,-19.3024,15.464709,14,14,0,1,0
998,9.444197,-26.394863,14,6,0.930586129,0,0
999,-16.530735,13.000237,14,14,0,0,0
1000,-17.606956,14.415238,14,14,0,0,0
1001,-16.978388,14.427172,14,14,0,0,0
1002,-19.272644,14.766455,14,14,0,0,0
1003,-4.6399546,6.922478,14,15,1.978482028,0,0
1004,-19.66344,16.240793,14,14,0,0,0
1005,-17.873226,14.548453,14,14,0,0,0
1006,-20.276003,14.862378,14,14,0,0,0
1007,-19.983759,15.89222,14,14,0,0,0
1008,-20.536516,15.224379,14,14,0,0,0
1009,-2.9963968,7.4123683,14,15,1.983871113,0,0
1010,-18.992474,19.187115,14,14,0,0,0
1011,-18.789026,19.38703,14,14,0,0,0
1012,-19.38292,15.603175,14,14,0,0,0
1013,-19.455776,18.735321,14,14,0,0,0
1014,9.687385,-26.24163,14,6,1.12465812,0,0
1015,-19.61567,14.643322,14,14,0,1,0
1016,-4.691352,6.9862847,14,15,1.978482028,0,1
1017,-20.23633,14.76289,14,14,0,0,0
1018,-4.295839,6.853264,14,15,1.978482028,0,0
1019,-18.990414,14.526567,14,14,0,0,0
1020,-19.268806,18.929527,14,14,0,0,0
1021,-4.4850044,6.908252,14,15,1.978482028,0,0
1022,-18.632215,19.545353,14,14,0,0,0
1023,-19.144802,19.07357,14,14,0,0,0
1024,-21.341656,13.56622,14,14,0,1,0
1025,-19.785227,15.267836,14,14,0,0,0
1026,-20.604776,15.4065895,14,14,0,0,0
1027,3.0201426,-5.7012997,14,1,0.191433255,0,0
1028,-19.980915,15.280066,14,14,0,0,0
1029,-17.702549,14.91499,14,14,0,0,0
1030,-21.254831,14.166364,14,14,0,0,0
1031,-19.455822,18.664703,14,14,0,0,0
1032,-18.153147,15.485587,14,14,0,0,0
1033,-19.595814,14.358837,14,14,0,0,0
1034,-19.060205,19.16784,14,14,0,0,0
1035,10.692115,-27.04058,14,6,1.20091028,0,0
1036,9.647746,-26.26909,14,6,1.12465812,0,0
1037,-19.436487,14.707446,14,14,0,0,0
1038,9.528409,-26.293066,14,6,1.12465812,0,0
1039,9.552475,-26.45212,14,6,1.12465812,0,0
1040,-19.174063,12.727354,14,14,0,0,0
1041,-19.76393,12.990993,14,14,0,0,0
1042,-20.21982,15.569723,14,14,0,0,0
1043,9.508179,-26.407707,14,6,1.12465812,0,0
1044,-17.732624,13.788864,14,14,0,0,0
1045,-17.981113,14.107605,14,14,0,0,0
1046,-18.339275,14.874167,14,14,0,0,0
1047,-21.556396,13.092349,14,14,0,0,0
1048,-19.348043,14.110763,14,14,0,0,0
1049,-17.635193,13.757273,14,14,0,0,0
1050,1.0272726,16.721449,15,2,0.634309555,0,0
1051,1.2433373,14.296217,15,2,0.439496987,0,0
1052,-3.1716292,6.31641,15,15,1.978770655,0,0
1053,-1.0980057,5.7042317,15,15,2.099232801,0,0
1054,0.81635344,26.760702,15,2,0.977417818,0,0
1055,-1.3422834,4.6362295,15,15,2.099232801,0,0
1056,1.5343523,14.44886,15,2,0.432750159,0,0
1057,-0.45022926,17.57158,15,2,0.574635698,0,0
1058,2.4500573,15.907687,15,2,0.721928095,0,0
1059,-1.3145828,25.64423,15,2,0.977417818,0,0
1060,1.5353011,17.7859,15,2,0.749595257,0,0
1061,1.9996288,17.783491,15,2,0.79732651,0,0
1062,-0.22281986,17.524206,15,2,0.558629373,0,0
1063,0.9673735,17.279451,15,2,0.672294817,0,0
1064,1.7330428,15.517602,15,2,0.536359651,0,0
1065,-1.0717915,25.485634,15,2,0.977417818,0,0
1066,-0.5309741,17.268373,15,2,0.510787823,0,0
1067,11.610192,26.776237,15,10,1.577428773,0,0
1068,11.513948,26.63755,15,10,1.577428773,0,0
1069,-1.7756591,4.883497,15,15,2.099232801,0,0
1070,-4.0022407,6.771468,15,15,1.978482028,0,0
1071,-3.5310137,6.244408,15,15,1.965990282,0,0
1072,5.3665915,17.246021,15,2,0.9905577,0,0
1073,9.260517,22.40823,15,2,0.6789539,0,0
1074,-3.8797028,-11.000393,15,1,0.710999334,0,0
1075,1.6788536,16.919237,15,2,0.749595257,0,0
1076,2.5673127,14.719668,15,2,0.482066148,0,0
1077,3.2604058,15.060738,15,2,0.57700425,0,0
1078,1.5788251,14.811164,15,2,0.432750159,0,0
1079,0.7199285,16.624472,15,2,0.550984443,0,0
1080,3.242221,14.118565,15,2,0.159350063,0,0
1081,11.633186,26.860765,15,10,1.554585169,0,0
1082,2.3125813,14.580582,15,2,0.482066148,0,0
1083,2.4897118,15.949111,15,2,0.721928095,0,0
1084,5.599011,18.158777,15,2,0.994693795,0,1
1085,2.063702,14.847409,15,2,0.482066148,0,0
1086,-3.8653548,-11.087797,15,1,0.710999334,0,0
1087,2.29255,13.954113,15,2,0.16232618,0,0
1088,11.50533,26.533802,15,10,1.582193067,0,0
1089,2.1208591,17.878464,15,2,0.843161957,0,0
1090,5.9143634,18.518682,15,2,0.912734156,0,0
1091,3.6010022,14.990535,15,2,0.475431646,0,0
1092,3.789778,16.008608,15,2,0.767651587,0,0
1093,11.344586,26.392075,15,10,1.534337198,0,0
1094,1.4312265,15.70413,15,2,0.536359651,0,0
1095,2.520917,14.00678,15,2,0.159350063,0,0
1096,2.7526,15.385559,15,2,0.619382195,0,0
1097,-0.8571101,25.848146,15,2,0.977417818,0,0
1098,7.2662034,21.196388,15,2,0.623570208,0,0
1099,3.347061,15.23878,15,2,0.619382195,0,0
1100,1.6194168,14.994957,15,2,0.426228657,0,0
1101,-0.6369709,16.912071,15,2,0.439496987,0,0
1102,-3.9689643,-10.922983,15,1,0.710999334,0,0
1103,-1.3789215,24.830334,15,2,0.977417818,0,0
1104,0.91021705,26.869205,15,2,0.977417818,0,0
1105,-1.4211444,5.4012465,15,15,2.099232801,0,0
1106,1.9954345,13.670728,15,2,0,0,0
1107,1.2090628,12.894747,15,2,0.168660931,0,0
1108,3.1307356,14.4048605,15,2,0.41381685,0,0
1109,12.22606,27.298546,15,10,1.509869304,0,0
1110,2.0751996,15.938058,15,2,0.657272978,0,0
1111,3.3186157,14.077139,15,2,0.16232618,0,0
1112,0.9558254,17.306519,15,2,0.672294817,0,0
1113,-0.28909916,17.146532,15,2,0.558629373,0,0
1114,2.4313242,15.812435,15,2,0.657272978,0,0
1115,1.687236,15.736176,15,2,0.584238812,0,0
1116,5.988738,17.373808,15,2,0.999295444,0,0
1117,7.2163467,19.549902,15,2,0.666578358,0,0
1118,-1.0008357,25.603062,15,2,0.977417818,0,0
1119,2.6078713,14.32867,15,2,0.419921097,0,0
1120,-42.33876,38.241234,16,16,0,0,0
1121,-43.36796,38.427162,16,16,0,0,0
1122,-44.483475,35.925285,16,16,0,0,0
1123,-43.16462,39.49991,16,16,0,0,0
1124,-44.747433,36.53482,16,16,0,0,0
1125,-41.996037,38.77728,16,16,0,0,0
1126,-39.167988,40.792316,16,16,0,0,0
1127,-45.462643,35.836723,16,16,0,0,0
1128,-43.88968,36.56606,16,16,0,0,0
1129,-38.620075,43.466236,16,16,0,0,1
1130,-40.789265,41.393696,16,16,0,0,0
1131,-43.473057,37.533108,16,16,0,0,0
1132,-41.352097,39.66491,16,16,0,0,0
1133,-40.114304,38.877537,16,16,0,0,0
1134,-39.793346,39.770008,16,16,0,0,0
1135,-41.964256,39.434925,16,16,0,0,0
1136,-44.280037,36.683758,16,16,0,0,0
1137,-42.74351,39.553368,16,16,0,0,0
1138,-44.9567,36.1695,16,16,0,0,0
1139,-42.892654,38.679855,16,16,0,0,0
1140,-44.378082,36.6148,16,16,0,0,0
1141,-39.216137,40.45886,16,16,0,0,0
1142,-43.621418,37.591602,16,16,0,0,0
1143,-40.609673,38.612278,16,16,0,0,0
1144,-39.16103,40.79804,16,16,0,0,0
1145,-39.627205,42.37719,16,16,0,0,0
1146,-42.86879,39.15561,16,16,0,1,0
1147,-39.175865,40.385014,16,16,0,0,0
1148,-42.526386,38.453465,16,16,0,0,0
1149,-44.33491,36.033752,16,16,0,0,0
1150,-40.395485,41.407967,16,16,0,0,0
1151,-40.980927,38.319683,16,16,0,0,0
1152,-38.490044,40.476425,16,16,0,0,0
1153,-41.479706,39.069336,16,16,0,0,0
1154,-45.02021,35.319565,16,16,0,0,0
1155,-45.200886,35.306194,16,16,0,0,0
1156,-42.557995,36.334526,16,16,0,0,0
1157,-41.754692,40.098045,16,16,0,0,0
1158,-41.634296,38.898884,16,16,0,0,0
1159,-42.30806,39.44459,16,16,0,0,0
1160,-40.598526,38.565563,16,16,0,0,0
1161,-39.820343,41.84342,16,16,0,1,0
1162,-41.890938,39.22509,16,16,0,0,0
1163,-40.82932,40.089344,16,16,0,0,0
1164,-39.303864,42.98061,16,16,0,0,0
1165,-44.723125,35.612183,16,16,0,0,0
1166,-43.668076,37.063267,16,16,0,0,0
1167,-45.453968,35.453312,16,16,0,0,0
1168,-39.96829,42.910664,16,16,0,0,0
1169,-44.832203,35.42288,16,16,0,0,0
1170,-41.006542,40.127605,16,16,0,0,0
1171,-41.131645,39.89713,16,16,0,0,0
1172,-39.833355,42.196518,16,16,0,0,0
1173,-39.004475,42.562637,16,16,0,0,0
1174,-45.137913,36.07708,16,16,0,0,0
1175,-40.494064,41.898643,16,16,0,0,0
1176,-39.288925,43.09459,16,16,0,0,0
1177,-38.72465,43.325375,16,16,0,0,0
1178,-39.393116,43.19006,16,16,0,0,0
1179,-40.465195,41.819984,16,16,0,0,0
1180,-38.450027,42.366787,16,16,0,0,0
1181,-43.867435,36.883343,16,16,0,0,0
1182,-42.426098,36.419083,16,16,0,0,0
1183,-39.04922,41.998158,16,16,0,0,0
1184,-41.596054,39.24581,16,16,0,0,0
1185,-43.300846,37.348045,16,16,0,0,0
1186,-39.541496,43.54576,16,16,0,0,0
1187,-41.623554,39.612415,16,16,0,1,0
1188,-45.49293,35.677853,16,16,0,0,0
1189,-43.67671,37.338837,16,16,0,0,0
